ID,Draw date,Ball 1,Ball 2,Ball 3,Ball 4,Ball 5,Ball 6,Jackpot
1,11/07/2015,2,3,34,43,49,50,13156375.00
2,11/04/2015,11,13,18,25,29,47,8842605.00
3,10/31/2015,26,39,41,42,55,59,6677278.00
4,10/28/2015,26,36,41,46,49,52,2319221.00
5,10/24/2015,29,31,43,55,58,59,4307602.00
6,10/21/2015,13,14,21,25,51,53,14612465.00
7,10/17/2015,8,30,37,40,46,50,12110605.00
8,10/14/2015,7,13,20,27,39,52,7875986.00
9,10/10/2015,2,3,16,32,53,54,5279697.00
10,10/07/2015,5,7,11,30,44,49,3348134.00
11,10/03/2015,7,8,9,14,35,44,3049537.00
12,09/30/2015,5,8,11,17,40,45,1621605.00
13,09/26/2015,9,17,31,33,41,42,5142260.00
14,09/23/2015,9,17,21,23,35,36,1919343.00
15,09/19/2015,14,26,28,31,32,44,2012794.00
16,09/16/2015,12,14,21,22,37,43,2237284.00
17,09/12/2015,14,20,28,31,40,46,4668787.00
18,09/09/2015,6,18,20,21,29,31,1782588.00
19,09/05/2015,24,29,33,40,43,49,5006137.00
20,09/02/2015,2,9,27,29,33,40,4993453.00
21,08/29/2015,12,18,23,33,42,43,3916107.00
22,08/26/2015,3,4,7,18,48,49,3807818.00
23,08/22/2015,7,19,22,28,40,44,3034662.00
24,08/19/2015,5,6,7,25,27,33,1214870.00
25,08/15/2015,4,8,10,21,41,49,4386276.00
26,12/08/2015,6,15,17,20,24,25,1646305.00
27,08/08/2015,6,22,28,30,39,44,3912064.00
28,05/08/2015,5,8,12,28,39,41,5839203.00
29,01/08/2015,1,16,27,42,46,47,4789857.00
30,07/29/2015,18,21,31,42,45,47,2573569.00
31,07/25/2015,2,4,5,15,20,48,7544754.00
32,07/22/2015,7,23,26,33,38,45,5595590.00
33,07/18/2015,8,15,17,33,41,47,4269704.00
34,07/15/2015,4,7,14,21,22,29,886754.00
35,07/11/2015,6,12,32,36,38,47,4805874.00
36,07/08/2015,3,10,35,38,40,41,2604015.00
37,07/04/2015,13,14,35,39,46,49,5517016.00
38,07/01/2015,4,10,13,18,29,33,1670202.00
39,06/27/2015,2,4,8,21,30,38,3343592.00
40,06/24/2015,14,23,28,33,35,42,5872705.00
41,06/20/2015,1,6,23,25,32,35,4255281.00
42,06/17/2015,2,8,12,15,21,42,12903324.00
43,06/13/2015,18,23,25,37,39,47,11267625.00
44,06/10/2015,23,29,30,39,42,49,7847797.00
45,06/06/2015,10,14,19,24,28,33,5632963.00
46,06/03/2015,17,32,39,40,43,49,2859050.00
47,05/30/2015,6,7,23,27,38,49,3488349.00
48,05/27/2015,12,27,28,39,41,48,13538113.00
49,05/23/2015,1,8,22,30,34,40,10834187.00
50,05/20/2015,6,9,22,38,39,41,7714351.00
51,05/16/2015,7,11,15,32,46,48,5799595.00
52,12/31/2014,12,18,22,37,38,49,6688109.00
53,12/27/2014,11,23,28,30,32,46,4154032.00
54,12/24/2014,7,9,13,44,47,48,8197213.00
55,12/20/2014,18,22,23,32,40,42,4983828.00
56,12/17/2014,2,19,24,33,35,46,15010730.00
57,12/13/2014,18,30,33,34,38,48,12244311.00
58,12/10/2014,14,15,31,36,42,47,8466374.00
59,12/06/2014,19,23,40,43,45,49,6295958.00
60,12/03/2014,4,17,19,25,35,37,2059185.00
61,11/29/2014,6,11,18,19,38,42,3592162.00
62,11/26/2014,26,28,29,30,41,49,2640517.00
63,11/22/2014,2,3,5,15,22,29,7584256.00
64,11/19/2014,2,15,35,36,38,39,5905060.00
65,11/15/2014,5,26,28,30,42,44,3884456.00
66,11/12/2014,5,9,10,13,41,44,1709052.00
67,11/08/2014,6,7,22,27,35,42,3327004.00
68,11/05/2014,2,5,21,25,34,36,2128101.00
69,11/01/2014,3,5,9,28,35,47,8850906.00
70,10/29/2014,13,14,17,25,31,49,7059487.00
71,10/25/2014,11,15,17,30,43,49,5708496.00
72,10/22/2014,5,24,28,36,42,47,2214880.00
73,10/18/2014,1,22,30,33,40,47,4894097.00
74,10/15/2014,6,19,24,26,42,43,2059716.00
75,10/11/2014,2,5,8,23,26,32,2886366.00
76,10/08/2014,4,27,28,29,34,43,2263686.00
77,10/04/2014,4,18,24,34,36,48,4300392.00
78,10/01/2014,1,4,5,7,18,47,1265065.00
79,09/27/2014,1,3,7,19,20,46,4545164.00
80,09/24/2014,4,8,29,33,38,48,2276815.00
81,09/20/2014,2,6,22,26,33,48,3955683.00
82,09/17/2014,9,19,22,34,41,46,13712661.00
83,09/13/2014,12,15,22,29,30,35,10827987.00
84,09/10/2014,13,16,18,24,31,43,8146335.00
85,09/06/2014,11,29,32,37,40,48,6545800.00
86,09/03/2014,12,22,23,27,34,35,2351598.00
87,08/30/2014,1,19,20,30,35,46,6441879.00
88,08/27/2014,5,17,29,36,37,49,2260458.00
89,08/23/2014,1,7,11,38,41,42,7775405.00
90,08/20/2014,6,12,15,24,35,47,5492819.00
91,08/16/2014,1,3,25,33,36,42,4246740.00
92,08/13/2014,5,9,11,20,23,30,720152.00
93,09/08/2014,16,36,40,43,45,47,7087472.00
94,06/08/2014,17,21,29,33,35,46,2472288.00
95,02/08/2014,13,23,28,37,42,45,4415154.00
96,07/30/2014,2,5,11,22,24,42,1218412.00
97,07/26/2014,8,14,22,26,35,37,4202465.00
98,07/23/2014,14,18,20,30,43,47,2498916.00
99,07/19/2014,5,9,14,25,34,38,3689940.00
100,07/16/2014,4,11,22,27,47,49,1688532.00
101,07/12/2014,3,19,23,28,37,43,3574539.00
102,07/09/2014,3,8,11,12,39,43,4661490.00
103,07/05/2014,8,15,23,24,28,34,3728484.00
104,07/02/2014,1,18,20,38,43,48,2854220.00
105,06/28/2014,8,12,28,30,43,49,5227520.00
106,06/25/2014,5,15,19,25,34,36,1950787.00
107,06/21/2014,3,7,13,17,27,40,3119984.00
108,06/18/2014,10,11,18,23,26,37,1792178.00
109,06/14/2014,9,18,22,23,29,33,3447723.00
110,06/11/2014,11,13,14,28,40,42,2148950.00
111,06/07/2014,5,10,16,23,31,44,4795530.00
112,06/04/2014,14,19,30,31,47,48,2575685.00
113,05/31/2014,7,9,18,24,39,40,3885318.00
114,05/28/2014,18,26,32,36,40,45,2915369.00
115,05/24/2014,10,31,35,40,41,44,5340060.00
116,05/21/2014,2,5,9,28,29,48,1474574.00
117,05/17/2014,10,19,20,33,43,46,7047302.00
118,05/14/2014,15,26,29,35,36,41,2795497.00
119,05/10/2014,3,5,8,10,16,17,3515436.00
120,05/07/2014,16,17,22,38,44,49,2363859.00
121,05/03/2014,1,7,9,27,30,48,4767860.00
122,04/30/2014,9,25,34,37,44,45,2577562.00
123,04/26/2014,17,22,23,33,36,42,4496272.00
124,04/23/2014,16,18,29,34,35,39,7523602.00
125,04/19/2014,13,20,31,34,36,44,5323200.00
126,04/16/2014,1,6,10,23,25,40,1679725.00
127,04/12/2014,4,17,22,26,31,47,8781364.00
128,04/09/2014,8,17,20,32,41,43,6301902.00
129,04/05/2014,3,7,20,31,43,45,4334793.00
130,04/02/2014,14,16,20,38,39,45,2904130.00
131,03/29/2014,8,14,16,21,47,49,4637560.00
132,03/26/2014,20,29,33,35,37,40,7606458.00
133,03/22/2014,17,20,28,39,43,44,5199620.00
134,03/19/2014,4,21,25,27,31,49,2028238.00
135,03/15/2014,14,19,22,25,38,48,6235392.00
136,03/12/2014,11,12,16,20,35,46,2455221.00
137,03/08/2014,2,9,12,26,31,44,2996753.00
138,03/05/2014,1,4,5,8,25,46,1563684.00
139,03/01/2014,4,9,10,13,29,40,4358812.00
140,02/26/2014,3,10,11,24,25,35,1621069.00
141,02/22/2014,19,23,34,35,39,49,7647028.00
142,02/19/2014,17,19,35,37,46,48,3034430.00
143,02/15/2014,15,17,19,22,33,40,5650135.00
144,02/12/2014,3,7,20,24,30,39,1810601.00
145,02/08/2014,8,25,27,36,39,44,6497209.00
146,02/05/2014,12,13,28,33,46,49,2694454.00
147,02/01/2014,27,34,35,36,41,48,5710291.00
148,01/29/2014,9,29,37,38,42,46,2793464.00
149,01/25/2014,4,15,21,30,41,49,4865460.00
150,01/22/2014,2,6,9,18,24,35,1563904.00
151,01/18/2014,7,12,23,27,30,31,2708045.00
152,01/15/2014,4,11,13,24,32,46,2226421.00
153,01/11/2014,22,23,25,27,28,46,7505717.00
154,01/08/2014,19,23,31,36,45,46,3097936.00
155,01/04/2014,4,11,18,28,41,44,£0 Roll Down
156,01/01/2014,9,12,16,22,26,48,11313452.00
157,12/28/2013,16,24,25,30,34,45,10299405.00
158,12/25/2013,4,8,9,10,21,24,6987524.00
159,12/21/2013,12,18,25,28,33,40,4439965.00
160,12/18/2013,2,7,25,35,40,42,7984754.00
161,12/14/2013,13,21,24,29,35,41,6070559.00
162,12/11/2013,1,8,10,14,18,37,1864575.00
163,12/07/2013,10,12,17,28,30,42,3517994.00
164,12/04/2013,6,12,16,18,21,29,7571020.00
165,11/30/2013,9,16,19,31,36,37,6588733.00
166,11/27/2013,15,19,22,25,42,48,2459533.00
167,11/23/2013,12,16,22,35,38,48,6301183.00
168,11/20/2013,5,11,15,23,35,39,1913777.00
169,11/16/2013,3,19,21,30,41,47,5701968.00
170,11/13/2013,4,6,15,23,36,44,1914904.00
171,11/09/2013,1,2,6,29,32,47,4803934.00
172,11/06/2013,5,6,14,18,29,33,2042488.00
173,11/02/2013,10,28,32,36,37,49,7959312.00
174,10/30/2013,20,23,26,29,34,41,2949764.00
175,10/26/2013,10,14,20,22,45,49,5206351.00
176,10/23/2013,10,18,27,37,41,47,2665302.00
177,10/19/2013,3,12,19,21,29,31,4860213.00
178,10/16/2013,12,15,24,26,31,35,2500000.00
179,10/12/2013,5,12,21,26,33,45,10000000.00
180,10/09/2013,4,11,27,34,36,45,2427084.00
181,10/05/2013,5,15,17,19,20,47,10000000.00
182,10/02/2013,16,17,21,27,30,37,1969122.00
183,09/28/2013,10,12,14,25,46,48,3777260.00
184,09/25/2013,5,7,20,24,30,41,6175986.00
185,09/21/2013,11,15,36,37,38,45,4119018.00
186,09/18/2013,2,4,5,17,22,29,8245874.00
187,09/14/2013,18,20,24,30,39,48,6305959.00
188,09/11/2013,7,24,27,31,40,41,2084895.00
189,09/07/2013,1,11,12,13,35,42,3676642.00
190,09/04/2013,6,7,8,13,24,28,1449365.00
191,08/31/2013,4,14,15,17,21,31,3416238.00
192,08/28/2013,1,5,17,19,37,47,6252743.00
193,08/24/2013,5,20,26,40,42,48,4101234.00
194,08/21/2013,3,4,27,29,47,49,1982520.00
195,08/17/2013,15,25,26,33,34,41,6676215.00
196,08/14/2013,12,18,38,39,45,49,2298119.00
197,10/08/2013,14,15,17,26,35,46,12421424.00
198,07/08/2013,3,16,20,26,28,43,7622452.00
199,03/08/2013,3,5,9,13,17,37,5042671.00
200,07/31/2013,10,16,33,38,40,44,2148149.00
201,07/27/2013,12,13,18,39,43,49,6492541.00
202,07/24/2013,22,26,30,40,42,47,2295221.00
203,07/20/2013,1,3,17,19,39,42,5819806.00
204,07/17/2013,6,24,33,38,42,43,2152483.00
205,07/13/2013,12,15,24,36,45,49,3782812.00
206,07/10/2013,3,9,10,16,20,22,1541920.00
207,07/06/2013,16,24,27,39,45,49,3998105.00
208,07/03/2013,15,27,31,40,41,49,2374046.00
209,06/29/2013,7,13,25,31,34,45,6053028.00
210,06/26/2013,8,11,29,34,40,41,2235126.00
211,06/22/2013,8,24,26,28,36,43,3806512.00
212,06/19/2013,6,9,13,35,36,47,2084619.00
213,06/15/2013,3,4,16,20,33,44,3579810.00
214,06/12/2013,2,7,10,15,17,28,1394043.00
215,06/08/2013,8,9,13,17,41,43,3701093.00
216,06/05/2013,10,18,35,38,41,43,2346087.00
217,06/01/2013,11,13,24,32,34,47,4042758.00
218,05/29/2013,3,5,25,33,34,35,6123375.00
219,05/25/2013,5,6,26,30,33,40,3801731.00
220,05/22/2013,10,23,35,39,45,46,2351406.00
221,05/18/2013,3,5,24,31,48,49,3753310.00
222,05/15/2013,4,5,6,20,30,35,8379678.00
223,05/11/2013,9,12,24,25,26,43,5880153.00
224,05/08/2013,12,15,20,31,33,40,2201873.00
225,05/04/2013,11,12,22,27,40,44,3503856.00
226,05/01/2013,7,8,11,12,39,42,1775186.00
227,04/27/2013,1,13,25,39,41,44,6147975.00
228,04/24/2013,9,11,16,17,18,38,1842395.00
229,04/20/2013,8,34,38,42,44,46,4136552.00
230,04/17/2013,12,14,16,18,20,33,2115548.00
231,04/13/2013,3,13,23,27,41,49,5748880.00
232,04/10/2013,3,16,27,33,36,42,2023093.00
233,04/06/2013,11,21,22,41,47,48,4217690.00
234,04/03/2013,5,11,21,32,42,48,2024512.00
235,03/30/2013,8,15,24,40,43,45,4293105.00
236,03/27/2013,8,10,22,24,37,44,1922325.00
237,03/23/2013,3,14,16,19,37,44,3653254.00
238,03/20/2013,4,11,14,27,43,46,1997902.00
239,03/16/2013,1,11,12,27,48,49,6022815.00
240,03/13/2013,6,8,21,23,41,46,2152226.00
241,03/09/2013,12,19,25,36,44,46,6166176.00
242,03/06/2013,3,9,14,38,42,47,2083686.00
243,03/02/2013,6,9,23,31,35,48,3827721.00
244,02/27/2013,2,14,20,23,24,30,1960710.00
245,02/23/2013,2,16,25,30,31,32,6299421.00
246,02/20/2013,3,6,36,44,45,48,2208226.00
247,02/16/2013,7,20,27,39,46,48,4233712.00
248,02/13/2013,6,14,20,23,29,49,2054233.00
249,02/09/2013,8,10,27,34,40,41,6188608.00
250,02/06/2013,9,10,16,18,27,42,1784099.00
251,02/02/2013,2,12,13,14,21,30,6034942.00
252,01/30/2013,9,10,24,43,47,48,2329071.00
253,01/26/2013,2,6,21,29,34,47,3944121.00
254,01/23/2013,6,10,14,24,32,41,2118372.00
255,01/19/2013,5,9,13,16,35,39,3779204.00
256,01/16/2013,5,12,13,35,38,47,2271156.00
257,01/12/2013,3,7,11,12,24,27,2226920.00
258,01/09/2013,5,21,24,25,39,48,3012326.00
259,01/05/2013,10,15,17,21,37,47,6277131.00
260,01/02/2013,7,9,20,21,30,37,1975253.00
261,12/29/2012,6,8,31,37,40,48,4295160.00
262,12/26/2012,3,11,17,39,47,49,6356273.00
263,12/22/2012,4,14,28,34,43,44,4093125.00
264,12/19/2012,4,26,33,41,48,49,2449143.00
265,12/15/2012,6,19,22,23,28,29,3468222.00
266,12/12/2012,9,15,18,33,38,44,2101094.00
267,12/08/2012,29,33,35,36,45,48,7117094.00
268,12/05/2012,3,4,14,31,48,49,2302974.00
269,12/01/2012,5,27,31,32,38,49,6992667.00
270,11/28/2012,14,28,37,38,45,48,2480160.00
271,11/24/2012,2,4,27,34,39,44,6291596.00
272,11/21/2012,4,12,19,22,36,40,2088780.00
273,11/17/2012,17,19,20,21,25,26,4136356.00
274,11/14/2012,14,15,17,29,30,33,6692418.00
275,11/10/2012,10,23,24,25,30,37,4093058.00
276,11/07/2012,14,19,35,36,40,45,9324240.00
277,11/03/2012,5,7,9,17,20,45,6101238.00
278,10/31/2012,7,30,32,36,40,41,2542927.00
279,10/27/2012,7,14,20,30,33,46,4202718.00
280,10/24/2012,1,10,19,36,47,48,2375918.00
281,10/20/2012,9,10,24,37,39,40,4467060.00
282,10/17/2012,4,7,19,21,39,49,1952964.00
283,10/13/2012,14,26,30,32,36,48,7105939.00
284,10/10/2012,15,19,23,29,30,46,2288933.00
285,10/06/2012,1,11,16,18,27,42,3788635.00
286,10/03/2012,3,9,11,29,45,46,2059080.00
287,09/29/2012,1,6,7,8,25,42,19549950.00
288,09/26/2012,6,8,11,39,40,43,14710616.00
289,09/22/2012,10,13,29,31,36,45,11454323.00
290,09/19/2012,5,14,19,23,33,48,6710762.00
291,09/15/2012,14,18,19,35,44,45,4410033.00
292,09/12/2012,14,16,21,22,24,41,2355336.00
293,09/08/2012,8,15,21,26,28,32,6392389.00
294,09/05/2012,17,22,26,27,39,41,2398291.00
295,09/01/2012,15,30,36,39,41,49,4841360.00
296,08/29/2012,4,7,12,28,32,37,8255522.00
297,08/25/2012,12,18,23,31,44,48,5893133.00
298,08/22/2012,3,11,23,28,30,48,1841774.00
299,08/18/2012,21,27,38,42,44,46,4319328.00
300,08/15/2012,10,14,35,36,37,46,2605567.00
301,11/08/2012,1,5,14,18,34,44,3809685.00
302,08/08/2012,6,14,19,22,30,36,2010654.00
303,04/08/2012,8,10,15,21,23,45,3655858.00
304,01/08/2012,13,20,24,27,33,39,2306611.00
305,07/28/2012,7,10,22,29,43,44,3584982.00
306,07/25/2012,8,14,15,22,41,48,2285782.00
307,07/21/2012,5,14,20,40,41,42,4522902.00
308,07/18/2012,11,26,34,38,40,46,9659686.00
309,07/14/2012,13,27,29,42,43,46,6718078.00
310,07/11/2012,12,19,28,29,38,49,2188570.00
311,07/07/2012,5,22,23,30,33,45,3975837.00
312,07/04/2012,3,9,14,19,34,38,2071822.00
313,06/30/2012,1,18,19,24,30,38,6764295.00
314,06/27/2012,10,22,29,39,46,47,2510695.00
315,06/23/2012,3,25,28,30,39,45,4216914.00
316,06/20/2012,6,10,12,30,36,49,2071920.00
317,06/16/2012,3,19,21,37,40,49,4324677.00
318,06/13/2012,12,25,29,34,45,47,2450516.00
319,06/09/2012,5,14,24,26,37,44,6308976.00
320,06/06/2012,9,17,20,27,37,41,2183604.00
321,06/02/2012,16,18,20,25,29,34,4392003.00
322,05/30/2012,7,14,25,33,45,48,2253796.00
323,05/26/2012,2,6,7,15,25,44,13905628.00
324,05/23/2012,3,4,18,24,44,49,9985801.00
325,05/19/2012,1,19,39,40,42,46,7339166.00
326,05/16/2012,5,6,21,41,48,49,2419128.00
327,05/12/2012,1,5,18,21,23,33,3634865.00
328,05/09/2012,2,7,8,10,22,23,1451285.00
329,05/05/2012,4,13,17,26,27,40,3861900.00
330,05/02/2012,18,22,25,35,39,41,2569920.00
331,04/28/2012,1,3,9,23,37,46,3949504.00
332,04/25/2012,8,13,18,21,40,44,7021206.00
333,04/21/2012,10,23,25,34,41,47,4525291.00
334,04/18/2012,7,8,16,22,24,28,1712180.00
335,04/14/2012,1,5,15,22,26,42,6582180.00
336,04/11/2012,20,27,33,41,44,46,2552870.00
337,04/07/2012,12,16,23,25,31,42,6352278.00
338,04/04/2012,9,23,26,33,40,44,2246062.00
339,03/31/2012,2,5,18,40,47,49,4449039.00
340,03/28/2012,3,8,16,22,38,39,2207374.00
341,03/24/2012,6,24,27,31,39,45,4309308.00
342,03/21/2012,10,14,21,25,39,45,2398612.00
343,03/17/2012,1,3,16,20,37,40,7104574.00
344,03/14/2012,14,15,18,26,31,36,2420581.00
345,03/10/2012,1,3,12,23,37,43,3953430.00
346,03/07/2012,2,8,11,28,35,44,1954314.00
347,03/03/2012,7,20,23,28,31,40,4120260.00
348,02/29/2012,13,14,29,41,46,49,7015538.00
349,02/25/2012,7,25,26,27,29,32,3990174.00
350,02/22/2012,7,12,15,35,43,49,2326278.00
351,02/18/2012,2,19,22,30,33,41,4295594.00
352,02/15/2012,9,28,30,33,40,44,2360238.00
353,02/11/2012,1,23,24,31,45,49,4520123.00
354,02/08/2012,7,13,16,31,36,44,7088661.00
355,02/04/2012,4,7,40,41,45,48,4677996.00
356,02/01/2012,7,17,21,22,38,39,2194776.00
357,01/28/2012,10,12,25,28,31,40,3964818.00
358,01/25/2012,2,8,26,30,39,45,2372608.00
359,01/21/2012,5,17,32,39,42,49,4404007.00
360,01/18/2012,9,22,31,34,35,43,2463224.00
361,01/14/2012,7,10,12,15,25,42,3394314.00
362,01/11/2012,2,9,27,33,39,40,2243105.00
363,01/07/2012,8,14,15,17,20,47,6771863.00
364,01/04/2012,9,26,28,30,42,43,2307004.00
365,12/31/2011,7,11,37,38,42,44,4040520.00
366,12/28/2011,8,11,13,17,48,49,2152447.00
367,12/24/2011,1,15,23,32,36,43,7646242.00
368,12/21/2011,7,28,30,34,38,45,2438954.00
369,12/17/2011,1,22,35,39,42,48,4672310.00
370,12/14/2011,3,10,25,28,30,43,1992348.00
371,12/10/2011,16,21,24,29,30,39,15192740.00
372,12/07/2011,10,14,27,31,32,47,10064790.00
373,12/03/2011,1,30,35,47,48,49,7140945.00
374,11/30/2011,13,23,24,25,26,30,2163127.00
375,11/26/2011,13,16,25,26,36,46,4459976.00
376,11/23/2011,4,11,19,22,31,48,1896961.00
377,11/19/2011,1,29,31,32,34,36,7335982.00
378,11/16/2011,10,12,26,27,39,40,2347516.00
379,11/12/2011,6,12,13,28,33,38,3927854.00
380,11/09/2011,2,8,10,23,27,32,1832631.00
381,11/05/2011,14,16,23,24,27,39,10000000.00
382,11/02/2011,11,12,33,37,38,49,2496416.00
383,10/29/2011,5,9,14,28,46,49,3997456.00
384,10/26/2011,4,23,34,38,39,41,2598975.00
385,10/22/2011,20,27,28,34,43,44,4639087.00
386,10/19/2011,13,14,18,32,34,49,2628379.00
387,10/15/2011,7,12,27,34,41,46,14663305.00
388,10/12/2011,13,24,25,26,37,40,9608165.00
389,10/08/2011,6,16,22,26,30,34,6335149.00
390,10/05/2011,9,15,17,29,30,39,2148724.00
391,10/01/2011,4,15,17,26,37,41,6873588.00
392,09/28/2011,15,19,25,36,44,45,2380765.00
393,09/24/2011,10,16,29,34,37,47,4571277.00
394,09/21/2011,11,15,32,33,37,39,10384518.00
395,09/17/2011,2,3,6,41,44,45,7124099.00
396,09/14/2011,23,28,29,37,38,42,2496220.00
397,09/10/2011,5,7,9,10,22,47,3229908.00
398,09/07/2011,4,29,31,36,38,48,7063265.00
399,09/03/2011,4,17,20,26,29,36,4172628.00
400,08/31/2011,5,26,43,46,47,49,7427816.00
401,08/27/2011,6,7,29,32,41,46,4541294.00
402,08/24/2011,11,27,46,47,48,49,11033367.00
403,08/20/2011,2,3,18,30,34,35,7876249.00
404,08/17/2011,3,19,32,40,47,48,2491661.00
405,08/13/2011,5,30,31,33,35,45,4537228.00
406,10/08/2011,2,4,7,27,43,44,1838247.00
407,06/08/2011,1,14,18,24,26,28,3877209.00
408,03/08/2011,18,19,26,39,40,47,2577090.00
409,07/30/2011,4,10,29,32,34,40,4550908.00
410,07/27/2011,4,16,22,34,39,42,2420130.00
411,07/23/2011,1,2,11,30,33,45,4305528.00
412,07/20/2011,6,10,15,32,42,49,2445018.00
413,07/16/2011,4,9,13,15,18,40,5917907.00
414,07/13/2011,7,11,15,18,19,49,1826971.00
415,07/09/2011,1,2,21,24,33,49,7216305.00
416,07/06/2011,26,32,34,35,41,48,2692183.00
417,07/02/2011,10,18,34,35,39,48,6994228.00
418,06/29/2011,5,6,13,21,31,47,2054265.00
419,06/25/2011,5,9,15,30,32,39,4073142.00
420,06/22/2011,16,22,23,36,45,48,2515874.00
421,06/18/2011,3,8,10,35,38,39,7061414.00
422,06/15/2011,9,25,29,32,37,38,2445432.00
423,06/11/2011,9,11,35,37,40,45,4632152.00
424,06/08/2011,3,19,36,40,43,48,2557034.00
425,06/04/2011,7,21,25,32,43,44,3932868.00
426,06/01/2011,2,7,9,18,38,45,2000110.00
427,05/28/2011,2,3,17,23,40,43,4125036.00
428,05/25/2011,7,8,17,30,46,48,2384748.00
429,05/21/2011,4,17,23,24,30,35,4094077.00
430,05/18/2011,6,15,20,36,38,42,2578038.00
431,05/14/2011,8,18,27,28,46,48,7227108.00
432,05/11/2011,17,30,33,34,38,48,2712999.00
433,05/07/2011,17,18,24,29,35,48,4607457.00
434,05/04/2011,2,3,7,17,21,32,1835507.00
435,04/30/2011,1,6,12,29,36,44,4018101.00
436,04/27/2011,6,15,27,32,37,44,7109502.00
437,04/23/2011,5,6,18,36,44,49,4294585.00
438,04/20/2011,3,5,8,9,18,44,1631439.00
439,04/16/2011,4,34,40,41,44,49,16366436.00
440,04/13/2011,1,14,25,33,34,43,10234334.00
441,04/09/2011,6,8,17,21,39,47,6741884.00
442,04/06/2011,7,11,13,14,38,41,2305420.00
443,04/02/2011,12,14,32,44,48,49,4777974.00
444,03/30/2011,10,16,17,21,39,41,2686864.00
445,03/26/2011,2,9,16,21,31,44,3953492.00
446,03/23/2011,6,18,23,26,32,44,2329590.00
447,03/19/2011,10,26,28,34,35,39,5014478.00
448,03/16/2011,2,15,16,18,47,48,7243122.00
449,03/12/2011,7,17,19,29,30,38,4135122.00
450,03/09/2011,9,11,37,40,41,49,17799986.00
451,03/05/2011,4,13,23,29,41,43,13124951.00
452,03/02/2011,1,25,27,41,46,49,7946386.00
453,02/26/2011,6,8,20,29,34,36,4748375.00
454,02/23/2011,1,8,15,21,31,39,7650084.00
455,02/19/2011,6,16,26,32,34,46,4830524.00
456,02/16/2011,5,11,15,26,29,32,2191147.00
457,02/12/2011,16,24,27,28,30,36,4568535.00
458,02/09/2011,2,6,8,9,36,39,2359740.00
459,02/05/2011,33,34,37,40,41,47,8395528.00
460,02/02/2011,2,17,20,42,46,48,2799911.00
461,01/29/2011,5,20,25,30,36,47,4744746.00
462,01/26/2011,14,17,20,43,47,49,2859843.00
463,01/22/2011,4,14,18,24,41,44,4467732.00
464,01/19/2011,9,18,34,41,42,43,10541506.00
465,01/15/2011,7,8,21,24,33,34,6763528.00
466,01/12/2011,11,12,17,19,24,47,2139611.00
467,01/08/2011,13,14,32,35,41,47,8170080.00
468,01/05/2011,4,10,35,36,43,46,2802899.00
469,01/01/2011,4,9,33,34,36,45,7290256.00
470,12/29/2010,2,3,16,26,34,39,2606354.00
471,12/25/2010,13,15,22,25,33,34,7162962.00
472,12/22/2010,7,13,33,37,48,49,2509238.00
473,12/18/2010,9,21,35,38,46,49,4784065.00
474,12/15/2010,6,9,31,33,40,45,2584233.00
475,12/11/2010,11,15,24,33,43,49,4637145.00
476,12/08/2010,14,16,23,24,25,43,2446436.00
477,12/04/2010,4,15,19,44,45,49,4581890.00
478,12/01/2010,20,21,22,24,27,34,11259928.00
479,11/27/2010,4,10,18,41,42,47,7808023.00
480,11/24/2010,11,30,38,45,46,49,2844618.00
481,11/20/2010,6,7,8,17,27,46,3942218.00
482,11/17/2010,3,6,27,29,33,41,2347103.00
483,11/13/2010,5,11,29,31,35,39,4556790.00
484,11/10/2010,15,26,30,35,40,41,2956532.00
485,11/06/2010,12,22,30,31,34,39,17700004.00
486,11/03/2010,13,21,28,37,39,45,11220394.00
487,10/30/2010,2,22,32,33,37,45,7571342.00
488,10/27/2010,3,5,11,16,41,48,2373619.00
489,10/23/2010,2,3,14,29,35,42,13444188.00
490,10/20/2010,14,30,31,36,44,47,8316090.00
491,10/16/2010,6,30,34,38,45,48,5129232.00
492,10/13/2010,18,19,24,26,27,44,2302992.00
493,10/09/2010,5,11,19,29,33,35,3957060.00
494,10/06/2010,9,17,18,23,30,35,2255769.00
495,10/02/2010,10,16,25,26,32,40,4633266.00
496,09/29/2010,21,25,29,32,38,44,10944696.00
497,09/25/2010,19,22,30,33,35,39,7430054.00
498,09/22/2010,9,12,27,29,41,47,2330858.00
499,09/18/2010,4,5,16,17,20,32,7301829.00
500,09/15/2010,2,20,33,40,43,46,2851121.00
501,09/11/2010,4,20,21,35,39,40,4995646.00
502,09/08/2010,8,10,26,34,48,49,2606914.00
503,09/04/2010,16,19,26,27,41,47,4663612.00
504,09/01/2010,7,20,21,27,28,41,2259186.00
505,08/28/2010,3,17,32,35,43,49,4701086.00
506,08/25/2010,5,10,12,17,28,30,1731568.00
507,08/21/2010,8,15,19,26,33,36,4340404.00
508,08/18/2010,2,13,16,24,25,40,2448952.00
509,08/14/2010,5,13,17,31,42,46,4382550.00
510,11/08/2010,4,21,25,27,31,34,2490450.00
511,07/08/2010,13,16,22,25,31,39,4471116.00
512,04/08/2010,14,17,22,24,38,43,11178334.00
513,07/31/2010,10,24,30,33,40,45,7682849.00
514,07/28/2010,1,11,33,37,42,43,2667504.00
515,07/24/2010,24,26,33,35,43,44,7292118.00
516,07/21/2010,8,16,25,27,28,34,2276700.00
517,07/17/2010,15,28,32,43,44,45,7706631.00
518,07/14/2010,1,15,25,26,40,43,2692875.00
519,07/10/2010,3,5,30,31,38,47,7482244.00
520,07/07/2010,23,29,34,36,41,45,2821228.00
521,07/03/2010,8,31,37,43,44,48,7599295.00
522,06/30/2010,6,18,20,25,35,36,2549073.00
523,06/26/2010,18,26,33,35,37,47,4774670.00
524,06/23/2010,5,9,13,17,22,27,1580124.00
525,06/19/2010,34,37,39,41,42,47,8134820.00
526,06/16/2010,4,8,32,34,40,47,2699515.00
527,06/12/2010,1,16,17,19,33,34,4694696.00
528,06/09/2010,14,26,33,45,46,49,7374712.00
529,06/05/2010,5,22,23,24,26,29,4130129.00
530,06/02/2010,2,12,17,25,33,39,2293007.00
531,05/29/2010,2,17,36,39,42,48,4791596.00
532,05/26/2010,2,4,5,19,20,27,1873893.00
533,05/22/2010,1,4,16,37,47,49,4734000.00
534,05/19/2010,15,23,24,34,36,47,2797394.00
535,05/15/2010,1,4,24,26,27,48,4447545.00
536,05/12/2010,11,17,19,40,44,45,11010900.00
537,05/08/2010,1,26,28,32,46,48,7599457.00
538,05/05/2010,3,6,8,10,36,47,2262014.00
539,05/01/2010,6,15,28,29,30,47,4599128.00
540,04/28/2010,5,11,19,23,38,46,2197434.00
541,04/24/2010,1,4,12,23,33,40,4400780.00
542,04/21/2010,2,10,16,19,33,45,2476288.00
543,04/17/2010,3,10,29,31,36,44,4460495.00
544,04/14/2010,2,6,8,23,44,46,16523920.00
545,04/10/2010,6,9,11,21,40,48,12084100.00
546,04/07/2010,8,11,20,33,43,47,7058491.00
547,04/03/2010,8,9,19,28,31,37,4194487.00
548,03/31/2010,14,18,29,38,43,44,2596944.00
549,03/27/2010,6,11,15,32,38,42,4572531.00
550,03/24/2010,3,5,23,28,42,49,2223516.00
551,03/20/2010,5,11,13,18,25,46,3957915.00
552,03/17/2010,16,30,34,37,41,42,2969627.00
553,03/13/2010,23,25,28,33,44,49,4605336.00
554,03/10/2010,1,6,13,23,29,34,2348612.00
555,03/06/2010,6,13,27,28,34,42,7291476.00
556,03/03/2010,18,27,32,35,44,47,2683247.00
557,02/27/2010,7,14,17,42,44,45,4310939.00
558,02/24/2010,3,11,18,23,38,49,2217363.00
559,02/20/2010,8,24,27,31,34,36,4856214.00
560,02/17/2010,3,22,27,31,38,49,2566661.00
561,02/13/2010,16,22,24,30,39,44,4779389.00
562,02/10/2010,5,7,15,37,42,44,2356216.00
563,02/06/2010,3,12,15,17,22,29,3668220.00
564,02/03/2010,3,11,12,20,21,28,1942838.00
565,01/30/2010,2,3,4,19,23,40,4245350.00
566,01/27/2010,1,4,7,11,13,27,1322450.00
567,01/23/2010,3,7,8,16,19,30,5989293.00
568,01/20/2010,2,16,17,18,27,28,2257533.00
569,01/16/2010,4,7,10,14,27,42,5913570.00
570,01/13/2010,6,8,14,16,21,43,2303805.00
571,01/09/2010,20,24,33,34,37,48,7826974.00
572,01/06/2010,4,16,18,43,45,49,2563777.00
573,01/02/2010,26,29,30,42,43,47,5163134.00
574,12/30/2009,5,14,27,29,34,35,10257210.00
575,12/26/2009,2,8,23,25,36,42,6985669.00
576,12/23/2009,15,18,26,32,36,37,2868480.00
577,12/19/2009,1,20,28,33,40,45,5014788.00
578,12/16/2009,2,20,34,35,40,44,2900560.00
579,12/12/2009,3,13,22,23,39,45,4333586.00
580,12/09/2009,5,13,31,36,40,41,2816470.00
581,12/05/2009,8,20,36,43,45,49,5250430.00
582,12/02/2009,2,19,22,25,34,47,7572606.00
583,11/28/2009,3,4,27,30,36,47,4680451.00
584,11/25/2009,3,6,11,17,23,29,6804104.00
585,11/21/2009,9,24,30,32,36,40,4883733.00
586,11/18/2009,1,4,12,13,18,19,2076538.00
587,11/14/2009,1,5,9,20,23,39,4222850.00
588,11/11/2009,4,6,12,31,38,48,11450024.00
589,11/07/2009,19,21,39,44,45,49,8047337.00
590,11/04/2009,1,2,23,39,42,49,2681258.00
591,10/31/2009,12,18,26,35,40,44,12818352.00
592,10/28/2009,24,25,34,38,41,43,7354212.00
593,10/24/2009,5,9,12,31,32,38,4110646.00
594,10/21/2009,6,12,16,19,33,44,2059106.00
595,10/17/2009,11,25,27,32,37,43,4556769.00
596,10/14/2009,5,11,24,32,35,42,2382372.00
597,10/10/2009,17,36,37,40,43,45,5220480.00
598,10/07/2009,26,27,28,43,45,46,2868364.00
599,10/03/2009,14,21,23,32,36,46,4860682.00
600,09/30/2009,2,10,15,28,36,41,2509338.00
601,09/26/2009,3,5,17,32,40,43,4525058.00
602,09/23/2009,23,25,28,41,46,47,3681197.00
603,09/19/2009,18,20,31,33,43,45,5109794.00
604,09/16/2009,18,23,34,44,46,48,2734854.00
605,09/12/2009,18,20,24,30,43,44,7635790.00
606,09/09/2009,2,11,23,28,35,39,2450464.00
607,09/05/2009,12,19,22,26,36,41,6805792.00
608,09/02/2009,2,4,7,27,28,35,1886585.00
609,08/29/2009,9,18,34,37,39,47,4908817.00
610,08/26/2009,3,9,11,17,27,48,6671970.00
611,08/22/2009,18,23,24,36,43,44,4588768.00
612,08/19/2009,10,23,26,30,41,45,2631541.00
613,08/15/2009,16,31,32,46,47,48,5232847.00
614,12/08/2009,9,20,21,27,39,40,2612973.00
615,08/08/2009,9,17,26,32,33,36,7474168.00
616,05/08/2009,1,16,18,32,39,44,2693745.00
617,01/08/2009,2,6,27,28,40,49,4593096.00
618,07/29/2009,3,13,19,20,23,26,2055447.00
619,07/25/2009,8,17,30,32,38,40,4739811.00
620,07/22/2009,2,22,23,31,35,40,2665282.00
621,07/18/2009,9,27,28,33,39,41,4576254.00
622,07/15/2009,5,8,10,29,39,41,2473609.00
623,07/11/2009,4,6,10,28,35,39,4407550.00
624,07/08/2009,10,16,21,22,35,49,7985672.00
625,07/04/2009,14,16,26,39,44,48,4857749.00
626,07/01/2009,1,2,11,31,38,43,2495068.00
627,06/27/2009,9,17,25,26,31,42,6552782.00
628,06/24/2009,10,17,20,21,23,31,2270554.00
629,06/20/2009,3,4,17,24,29,40,6524682.00
630,06/17/2009,8,10,11,14,28,36,2108589.00
631,06/13/2009,1,13,18,36,43,48,4781662.00
632,06/10/2009,3,8,21,23,30,46,2216540.00
633,06/06/2009,6,14,32,35,41,42,7542072.00
634,06/03/2009,4,6,22,31,33,35,2464940.00
635,05/30/2009,2,5,19,20,33,43,4366260.00
636,05/27/2009,2,12,24,31,41,48,2517526.00
637,05/23/2009,12,17,32,41,44,48,7812154.00
638,05/20/2009,9,10,30,37,45,46,2772267.00
639,05/16/2009,1,5,9,27,42,45,3949386.00
640,05/13/2009,13,16,19,31,37,47,2700948.00
641,05/09/2009,6,9,28,31,37,42,4427674.00
642,05/06/2009,1,8,10,13,20,34,2317069.00
643,05/02/2009,10,17,25,32,34,40,8067552.00
644,04/29/2009,1,15,35,42,45,48,2869223.00
645,04/25/2009,7,14,17,39,41,49,7871010.00
646,04/22/2009,11,21,34,42,43,45,2793752.00
647,04/18/2009,13,24,33,35,42,49,4863549.00
648,04/15/2009,5,9,18,23,31,39,2133758.00
649,04/11/2009,6,11,24,30,32,45,4651327.00
650,04/08/2009,8,10,21,23,25,48,10784075.00
651,04/04/2009,11,18,28,32,36,39,7281415.00
652,04/01/2009,3,5,14,19,24,40,2243028.00
653,03/28/2009,2,17,19,28,31,47,13915570.00
654,03/25/2009,13,23,26,27,37,49,8565434.00
655,03/21/2009,1,31,32,33,36,38,5515082.00
656,03/18/2009,2,5,22,25,39,41,2503931.00
657,03/14/2009,9,16,25,29,31,37,4418395.00
658,03/11/2009,6,9,20,21,31,34,2525485.00
659,03/07/2009,6,21,30,32,33,44,7903598.00
660,03/04/2009,3,21,25,32,37,46,2753657.00
661,02/28/2009,6,25,33,37,42,43,7877282.00
662,02/25/2009,6,19,25,32,37,39,2648600.00
663,02/21/2009,18,22,26,42,45,46,5130824.00
664,02/18/2009,5,23,24,29,39,44,3325788.00
665,02/14/2009,2,4,17,19,38,45,7769924.00
666,02/11/2009,9,14,16,38,46,47,2806010.00
667,02/07/2009,3,7,24,25,26,41,7479590.00
668,02/04/2009,4,24,31,33,36,40,2815375.00
669,01/31/2009,1,4,13,15,35,38,8328317.00
670,01/28/2009,4,29,37,39,40,43,2988068.00
671,01/24/2009,24,25,26,38,39,40,5585136.00
672,01/21/2009,3,25,28,29,32,45,2666112.00
673,01/17/2009,1,7,9,33,36,38,7675704.00
674,01/14/2009,3,18,28,37,39,42,2673721.00
675,01/10/2009,5,8,11,15,38,45,4205574.00
676,01/07/2009,1,8,27,32,39,45,2715451.00
677,01/03/2009,9,19,36,37,39,49,5087696.00
678,12/31/2008,3,11,15,33,36,45,3042924.00
679,12/27/2008,7,10,24,39,40,42,3430704.00
680,12/24/2008,2,10,24,31,37,47,3336065.00
681,12/20/2008,3,9,11,23,36,44,3503840.00
682,12/17/2008,10,15,17,26,46,49,2674438.00
683,12/13/2008,2,4,16,28,37,47,4567978.00
684,12/10/2008,9,11,23,27,29,33,7544200.00
685,12/06/2008,10,12,20,37,39,48,5102377.00
686,12/03/2008,4,12,19,21,34,44,2187692.00
687,11/29/2008,10,34,35,39,43,47,7649917.00
688,11/26/2008,3,6,13,23,27,49,1959903.00
689,11/22/2008,4,12,34,35,38,48,5045744.00
690,11/19/2008,5,7,18,27,31,33,2034332.00
691,11/15/2008,14,17,30,37,38,41,5260450.00
692,11/12/2008,1,5,13,20,27,45,7793030.00
693,11/08/2008,15,24,26,27,33,34,4973192.00
694,11/05/2008,2,11,13,27,34,43,2372400.00
695,11/01/2008,18,19,25,30,33,43,4773270.00
696,10/29/2008,6,10,12,15,20,27,1953464.00
697,10/25/2008,1,20,31,38,43,46,8571844.00
698,10/22/2008,1,12,29,35,37,40,2835473.00
699,10/18/2008,3,10,12,30,39,40,4538780.00
700,10/15/2008,1,8,15,18,34,38,2551944.00
701,10/11/2008,20,21,23,24,27,28,7853164.00
702,10/08/2008,9,13,24,25,42,48,2494580.00
703,10/04/2008,17,18,28,29,32,40,8034297.00
704,10/01/2008,6,27,29,38,42,49,2672551.00
705,09/27/2008,11,21,27,38,40,44,7527304.00
706,09/24/2008,1,14,21,24,35,46,2679494.00
707,09/20/2008,5,15,20,22,24,47,4493783.00
708,09/17/2008,3,9,11,24,29,43,1937564.00
709,09/13/2008,5,21,28,29,40,44,4551108.00
710,09/10/2008,7,15,16,19,22,48,2297305.00
711,09/06/2008,4,6,9,13,35,36,4423914.00
712,09/03/2008,3,5,7,9,24,35,1795404.00
713,08/30/2008,2,14,27,31,36,44,7702268.00
714,08/27/2008,8,14,33,34,35,43,2812064.00
715,08/23/2008,9,16,23,26,27,42,13582850.00
716,08/20/2008,1,29,32,33,34,38,8483403.00
717,08/16/2008,2,3,9,34,35,41,4909676.00
718,08/13/2008,5,9,10,11,23,26,1707018.00
719,09/08/2008,9,10,17,29,33,40,7021515.00
720,06/08/2008,7,9,23,30,47,49,2289219.00
721,02/08/2008,8,15,23,32,35,49,4665210.00
722,07/30/2008,4,26,28,32,44,46,2561513.00
723,07/26/2008,3,11,19,24,33,35,4053992.00
724,07/23/2008,15,17,33,35,39,40,2874098.00
725,07/19/2008,6,9,13,18,29,30,3655854.00
726,07/16/2008,3,12,17,18,22,42,2078916.00
727,07/12/2008,16,27,28,29,30,42,4787932.00
728,07/09/2008,2,3,9,15,26,29,1947904.00
729,07/05/2008,2,22,26,28,30,39,4698110.00
730,07/02/2008,3,4,12,23,30,31,2019318.00
731,06/28/2008,7,12,19,23,46,48,4192160.00
732,06/25/2008,11,12,22,23,24,36,2355880.00
733,06/21/2008,8,9,11,16,18,22,6879512.00
734,06/18/2008,12,26,34,39,40,45,2950705.00
735,06/14/2008,7,16,17,23,29,34,12154268.00
736,06/11/2008,1,8,22,28,35,44,7113526.00
737,06/07/2008,5,9,14,37,38,44,4368639.00
738,06/04/2008,19,27,35,37,39,42,2691514.00
739,05/31/2008,15,20,22,34,37,39,5215746.00
740,05/28/2008,10,25,28,36,45,48,2640951.00
741,05/24/2008,3,6,10,26,30,38,4042371.00
742,05/21/2008,2,23,38,41,47,49,2778125.00
743,05/17/2008,3,11,12,41,46,47,7961056.00
744,05/14/2008,3,4,29,34,41,42,2794040.00
745,05/10/2008,4,14,18,24,32,40,4431177.00
746,05/07/2008,9,10,12,16,30,31,2123346.00
747,05/03/2008,2,15,17,32,36,42,4819206.00
748,04/30/2008,15,31,33,35,41,44,12464996.00
749,04/26/2008,1,4,16,37,39,40,8269656.00
750,04/23/2008,10,15,23,34,39,41,2792417.00
751,04/19/2008,5,19,24,38,42,46,4672544.00
752,04/16/2008,4,10,14,29,31,38,2401257.00
753,04/12/2008,4,17,22,44,46,49,4597264.00
754,04/09/2008,1,6,8,14,17,32,2259462.00
755,04/05/2008,7,23,30,41,45,49,4935066.00
756,04/02/2008,2,6,21,23,43,47,2503562.00
757,03/29/2008,11,17,28,31,40,43,4734660.00
758,03/26/2008,3,22,27,33,45,48,2507250.00
759,03/22/2008,7,11,14,27,45,48,4193676.00
760,03/19/2008,5,21,22,25,27,35,2376008.00
761,03/15/2008,2,23,37,40,48,49,5298298.00
762,03/12/2008,1,13,26,38,41,47,2855067.00
763,03/08/2008,4,15,18,30,31,47,4807426.00
764,03/05/2008,8,14,16,39,43,47,2826788.00
765,03/01/2008,1,8,12,20,29,49,4488414.00
766,02/27/2008,16,29,30,32,38,45,2964163.00
767,02/23/2008,8,11,16,25,39,46,4813632.00
768,02/20/2008,7,17,29,31,39,44,2415360.00
769,02/16/2008,9,18,21,24,37,48,4849600.00
770,02/13/2008,9,14,24,28,32,41,2631895.00
771,02/09/2008,2,14,26,29,31,40,7761444.00
772,02/06/2008,2,5,12,15,30,48,2336642.00
773,02/02/2008,5,7,18,22,25,34,7362600.00
774,01/30/2008,7,8,27,37,40,46,2864200.00
775,01/26/2008,1,2,6,13,38,43,18992109.00
776,01/23/2008,4,12,13,15,30,36,11553412.00
777,01/19/2008,6,10,30,32,43,45,7670330.00
778,01/16/2008,8,13,17,22,29,42,2246767.00
779,01/12/2008,6,11,15,18,34,45,4665624.00
780,01/09/2008,14,24,26,28,44,49,2598628.00
781,01/05/2008,2,3,12,20,33,49,4556043.00
782,01/02/2008,13,15,25,31,37,39,2749929.00
783,12/29/2007,4,13,23,28,30,32,4426112.00
784,12/26/2007,8,14,18,23,27,44,2192120.00
785,12/22/2007,11,13,14,16,21,44,4611766.00
786,12/19/2007,11,13,21,33,36,47,2571477.00
787,12/15/2007,12,22,25,43,46,49,8215291.00
788,12/12/2007,19,20,23,42,44,45,2807696.00
789,12/08/2007,4,6,10,11,24,33,3762963.00
790,12/05/2007,2,8,13,18,26,39,2356275.00
791,12/01/2007,12,24,33,36,39,42,7603209.00
792,11/28/2007,11,15,25,33,44,45,2440940.00
793,11/24/2007,1,14,25,37,39,47,8194918.00
794,11/21/2007,6,8,24,25,32,47,2535066.00
795,11/17/2007,11,16,20,22,27,46,4800414.00
796,11/14/2007,4,5,21,35,37,42,2728242.00
797,11/10/2007,5,11,13,18,25,35,4107438.00
798,11/07/2007,2,6,9,13,17,36,2172726.00
799,11/03/2007,3,10,22,25,31,49,17659474.00
800,10/31/2007,9,12,20,25,33,35,11173800.00
801,10/27/2007,6,8,10,13,22,32,7176688.00
802,10/24/2007,14,16,24,28,45,48,2660170.00
803,10/20/2007,4,15,25,27,33,40,7698416.00
804,10/17/2007,10,12,22,32,45,46,2721688.00
805,10/13/2007,7,11,12,36,38,39,4706935.00
806,10/10/2007,1,9,24,27,36,45,2537555.00
807,10/06/2007,5,6,18,22,24,38,4186550.00
808,10/03/2007,1,17,24,26,30,49,2596446.00
809,09/29/2007,1,9,10,11,16,49,4154190.00
810,09/26/2007,2,8,16,24,32,41,2520780.00
811,09/22/2007,3,12,15,18,30,31,4052919.00
812,09/19/2007,2,5,6,13,25,47,2203538.00
813,09/15/2007,3,7,12,21,25,36,3583830.00
814,09/12/2007,4,13,18,21,30,46,2582072.00
815,09/08/2007,4,10,20,24,39,49,4886048.00
816,09/05/2007,11,24,26,35,39,40,8531595.00
817,09/01/2007,3,27,34,41,42,48,5028768.00
818,08/29/2007,4,6,11,17,31,41,2214747.00
819,08/25/2007,7,13,17,33,40,42,4327923.00
820,08/22/2007,18,31,35,39,40,42,3006244.00
821,08/18/2007,2,12,26,32,37,47,4986272.00
822,08/15/2007,2,5,15,34,35,43,2727777.00
823,11/08/2007,6,10,11,19,22,46,6231484.00
824,08/08/2007,3,9,12,13,20,43,2112501.00
825,04/08/2007,12,23,25,26,34,49,4771402.00
826,01/08/2007,3,6,15,23,28,42,2094285.00
827,07/28/2007,4,18,22,27,44,48,4082912.00
828,07/25/2007,3,18,21,24,36,38,2508729.00
829,07/21/2007,3,10,21,25,29,49,7314465.00
830,07/18/2007,12,31,33,39,41,45,2838118.00
831,07/14/2007,15,27,35,37,38,39,5248063.00
832,07/11/2007,3,9,10,12,46,47,2395710.00
833,07/07/2007,16,22,28,30,33,35,4966815.00
834,07/04/2007,3,13,22,32,44,46,2535441.00
835,06/30/2007,10,11,17,34,38,46,4920794.00
836,06/27/2007,7,13,23,40,41,48,2675046.00
837,06/23/2007,6,12,19,25,31,41,4169652.00
838,06/20/2007,13,16,22,43,47,49,2777820.00
839,06/16/2007,8,17,33,41,43,45,4900515.00
840,06/13/2007,13,19,24,30,40,48,7970784.00
841,06/09/2007,2,3,23,33,40,46,4797831.00
842,06/06/2007,7,21,22,28,37,40,8036628.00
843,06/02/2007,1,10,33,35,38,43,5237215.00
844,05/30/2007,2,20,22,25,41,47,2745415.00
845,05/26/2007,3,15,19,24,28,34,7448493.00
846,05/23/2007,3,19,31,32,36,40,2777455.00
847,05/19/2007,17,19,20,32,36,48,7923399.00
848,05/16/2007,9,20,22,24,27,28,2399505.00
849,05/12/2007,3,6,9,12,40,43,4099866.00
850,05/09/2007,8,9,19,34,47,49,2557161.00
851,05/05/2007,4,33,34,38,39,49,5477094.00
852,05/02/2007,11,18,25,27,39,44,2340280.00
853,04/28/2007,11,17,24,28,41,47,4586968.00
854,04/25/2007,1,7,25,31,32,39,2587268.00
855,04/21/2007,14,20,21,30,41,46,5274577.00
856,04/18/2007,8,11,17,30,32,41,2527168.00
857,04/14/2007,13,16,23,29,36,49,4789126.00
858,04/11/2007,8,11,21,32,35,42,2459554.00
859,04/07/2007,23,24,30,31,33,37,8372751.00
860,04/04/2007,11,14,19,35,46,49,2768390.00
861,03/31/2007,3,35,39,42,44,48,5143775.00
862,03/28/2007,2,5,19,23,32,41,2399426.00
863,03/24/2007,9,14,26,28,30,45,4514652.00
864,03/21/2007,15,19,29,35,44,45,2718472.00
865,03/17/2007,1,9,14,20,43,44,4806990.00
866,03/14/2007,6,21,24,38,39,48,8412682.00
867,03/10/2007,1,9,16,34,38,41,5151207.00
868,03/07/2007,4,14,25,35,42,48,2703190.00
869,03/03/2007,1,5,11,19,28,36,3864530.00
870,02/28/2007,4,15,34,40,44,46,2928483.00
871,02/24/2007,5,18,26,34,42,49,4918320.00
872,02/21/2007,1,6,26,34,39,42,8843066.00
873,02/17/2007,6,18,40,43,47,49,5379697.00
874,02/14/2007,1,2,4,38,42,43,9002814.00
875,02/10/2007,22,26,38,39,41,42,5478737.00
876,02/07/2007,6,16,18,29,30,35,2561750.00
877,02/03/2007,13,17,39,46,47,49,8471383.00
878,01/31/2007,13,14,21,30,43,49,2767055.00
879,01/27/2007,4,15,21,23,24,38,4693076.00
880,01/24/2007,2,8,10,31,46,48,2543691.00
881,01/20/2007,4,7,26,28,39,49,4595315.00
882,01/17/2007,12,17,21,25,31,37,2487503.00
883,01/13/2007,5,8,12,20,28,48,4024672.00
884,01/10/2007,1,2,13,29,33,49,2578368.00
885,01/06/2007,15,25,29,35,39,40,5379770.00
886,01/03/2007,4,6,30,36,43,44,2638211.00
887,12/30/2006,1,2,7,11,37,45,7447128.00
888,12/27/2006,16,27,29,34,39,45,2773544.00
889,12/23/2006,10,16,24,37,44,49,5373904.00
890,12/20/2006,4,10,21,22,25,38,2430156.00
891,12/16/2006,5,8,11,27,30,46,4118079.00
892,12/13/2006,4,12,14,20,46,49,2726133.00
893,12/09/2006,5,8,10,18,20,46,4384438.00
894,12/06/2006,2,5,9,12,22,32,6979907.00
895,12/02/2006,9,11,15,31,42,46,4746796.00
896,11/29/2006,17,20,31,40,42,46,2973922.00
897,11/25/2006,4,7,31,38,44,48,4616144.00
898,11/22/2006,14,15,24,31,45,49,9006708.00
899,11/18/2006,1,19,20,32,42,46,5555990.00
900,11/15/2006,2,3,17,22,40,42,2543170.00
901,11/11/2006,23,24,28,33,34,41,8899965.00
902,11/08/2006,2,18,31,38,39,46,2985577.00
903,11/04/2006,17,30,33,40,42,43,8495189.00
904,11/01/2006,9,13,14,20,31,35,2736676.00
905,10/28/2006,4,5,6,12,20,29,4067360.00
906,10/25/2006,2,7,10,14,16,22,1916504.00
907,10/21/2006,15,18,23,31,37,49,5299849.00
908,10/18/2006,6,12,36,39,41,48,2974198.00
909,10/14/2006,8,15,24,31,37,42,18711206.00
910,10/11/2006,14,16,24,26,27,39,11411225.00
911,10/07/2006,4,13,23,24,26,36,7466551.00
912,10/04/2006,12,14,16,19,27,32,2414737.00
913,09/30/2006,8,12,13,19,26,38,4364340.00
914,09/27/2006,2,3,16,27,44,48,2476003.00
915,09/23/2006,6,26,28,35,42,43,15000000.00
916,09/20/2006,3,21,29,35,38,45,2823142.00
917,09/16/2006,11,12,16,33,34,43,8257366.00
918,09/13/2006,8,15,17,40,43,48,2852068.00
919,09/09/2006,2,15,21,37,43,46,8041028.00
920,09/06/2006,5,7,14,29,37,38,2435457.00
921,09/02/2006,3,8,20,22,34,40,4924924.00
922,08/30/2006,19,21,22,38,44,49,2676876.00
923,08/26/2006,10,17,24,31,42,49,4872080.00
924,08/23/2006,6,16,20,21,23,37,2697814.00
925,08/19/2006,6,29,31,34,40,48,5433861.00
926,08/16/2006,4,8,16,20,25,31,2288962.00
927,12/08/2006,24,30,38,43,46,49,8584352.00
928,09/08/2006,2,4,12,16,18,41,2458865.00
929,05/08/2006,3,11,13,18,26,31,6763716.00
930,02/08/2006,5,8,9,18,41,47,2520044.00
931,07/29/2006,4,5,16,19,21,49,4441864.00
932,07/26/2006,7,17,27,30,33,39,11544846.00
933,07/22/2006,20,22,23,26,31,47,8295258.00
934,07/19/2006,4,21,25,37,45,46,2853999.00
935,07/15/2006,6,12,19,20,38,39,4769907.00
936,07/12/2006,18,20,26,27,28,39,2739694.00
937,07/08/2006,6,10,19,29,32,42,4306351.00
938,07/05/2006,7,17,29,33,42,45,2306466.00
939,07/01/2006,18,28,33,37,39,42,8036203.00
940,06/28/2006,11,12,34,39,44,48,2870470.00
941,06/24/2006,9,14,21,23,39,44,7361605.00
942,06/21/2006,8,16,27,38,44,49,2603997.00
943,06/17/2006,25,26,33,40,41,47,5526247.00
944,06/14/2006,4,7,10,33,35,49,2602236.00
945,06/10/2006,14,27,32,39,41,47,7911903.00
946,06/07/2006,6,9,11,14,33,48,2382622.00
947,06/03/2006,4,6,7,9,28,39,18051588.00
948,05/31/2006,4,16,32,34,35,37,3051588.00
949,05/27/2006,5,8,12,24,28,31,3840200.00
950,05/24/2006,1,17,25,29,41,46,2924309.00
951,05/20/2006,6,16,17,22,24,45,17677966.00
952,05/17/2006,3,10,19,33,35,38,2677966.00
953,05/13/2006,3,15,21,22,36,47,8190762.00
954,05/10/2006,8,13,28,32,36,46,2851543.00
955,05/06/2006,2,7,11,21,33,34,4095204.00
956,05/03/2006,9,11,22,39,40,42,2709955.00
957,04/29/2006,10,29,31,32,36,47,5810744.00
958,04/26/2006,1,27,32,33,45,48,8841680.00
959,04/22/2006,9,24,30,40,42,48,5195933.00
960,04/19/2006,3,9,33,44,47,49,2470696.00
961,04/15/2006,7,15,19,23,37,48,4737156.00
962,04/12/2006,7,19,26,38,44,49,2580406.00
963,04/08/2006,5,6,7,18,28,40,4198916.00
964,04/05/2006,1,2,16,22,26,49,2667773.00
965,04/01/2006,9,17,18,21,23,39,4473771.00
966,03/29/2006,2,6,18,36,37,44,2724100.00
967,03/25/2006,2,6,10,17,29,30,3905910.00
968,03/22/2006,4,8,16,19,34,40,2523614.00
969,03/18/2006,7,10,22,24,34,44,7596411.00
970,03/15/2006,1,14,21,30,35,48,2897385.00
971,03/11/2006,4,9,13,29,31,36,14280252.00
972,03/08/2006,1,11,14,35,37,42,8852697.00
973,03/04/2006,1,16,22,32,33,40,5408113.00
974,03/01/2006,15,16,19,28,38,42,2654364.00
975,02/25/2006,7,14,24,37,43,48,5167604.00
976,02/22/2006,5,9,27,35,42,43,2530196.00
977,02/18/2006,9,23,32,35,36,40,5603070.00
978,02/15/2006,5,11,12,16,17,45,2438793.00
979,02/11/2006,4,9,15,25,30,40,7687380.00
980,02/08/2006,9,27,28,31,41,42,2742423.00
981,02/04/2006,1,3,6,22,23,39,7650306.00
982,02/01/2006,5,11,13,17,44,48,2448775.00
983,01/28/2006,9,18,22,29,30,48,4870101.00
984,01/25/2006,9,14,15,18,26,46,2778772.00
985,01/21/2006,1,25,26,27,39,49,5865360.00
986,01/18/2006,2,3,7,24,46,47,2781195.00
987,01/14/2006,4,8,16,23,28,47,4580352.00
988,01/11/2006,5,6,8,19,34,38,2593004.00
989,01/07/2006,8,14,19,28,29,48,15000000.00
990,01/04/2006,7,13,31,43,45,47,2746827.00
991,12/31/2005,6,9,11,33,36,49,5601968.00
992,12/28/2005,6,8,10,19,30,42,2192470.00
993,12/24/2005,17,21,25,27,30,37,15000000.00
994,12/21/2005,5,6,12,13,31,45,2481932.00
995,12/17/2005,7,11,15,21,35,47,4247752.00
996,12/14/2005,7,9,17,22,27,40,2073756.00
997,12/10/2005,20,23,25,30,31,48,5382733.00
998,12/07/2005,2,8,11,12,22,26,2050548.00
999,12/03/2005,2,10,11,28,36,47,4892580.00
1000,11/30/2005,7,14,29,37,41,45,2893361.00
1001,11/26/2005,19,27,28,34,39,46,8924300.00
1002,11/23/2005,14,33,36,39,42,46,3190447.00
1003,11/19/2005,4,9,10,19,24,37,4528016.00
1004,11/16/2005,4,9,22,24,30,41,2666676.00
1005,11/12/2005,12,13,25,30,45,47,5377290.00
1006,11/09/2005,1,15,23,30,45,49,2941497.00
1007,11/05/2005,12,13,21,26,32,39,8919340.00
1008,11/02/2005,19,25,32,47,48,49,3159573.00
1009,10/29/2005,2,5,13,30,39,49,5269472.00
1010,10/26/2005,10,14,26,28,33,38,2794039.00
1011,10/22/2005,18,20,22,30,32,39,5494476.00
1012,10/19/2005,7,18,20,21,29,47,2610832.00
1013,10/15/2005,4,7,29,30,42,44,4337270.00
1014,10/12/2005,5,7,13,15,19,45,2226114.00
1015,10/08/2005,1,14,20,22,25,26,5254612.00
1016,10/05/2005,14,17,23,30,34,42,2811493.00
1017,10/01/2005,4,6,31,42,46,47,5535214.00
1018,09/28/2005,21,32,41,42,43,46,3256720.00
1019,09/24/2005,2,11,27,29,36,44,8027760.00
1020,09/21/2005,2,23,33,35,40,42,3078821.00
1021,09/17/2005,9,21,23,31,40,46,5269340.00
1022,09/14/2005,15,20,22,25,35,39,3108523.00
1023,09/10/2005,1,8,24,27,34,46,5476246.00
1024,09/07/2005,1,5,7,41,43,49,2907275.00
1025,09/03/2005,14,26,34,35,36,45,6118518.00
1026,08/31/2005,4,10,14,21,32,49,2883775.00
1027,08/27/2005,6,13,17,23,32,43,8519555.00
1028,08/24/2005,1,40,43,44,48,49,3393435.00
1029,08/20/2005,7,11,12,20,38,44,4443258.00
1030,08/17/2005,3,10,13,22,31,33,2372684.00
1031,08/13/2005,19,22,30,35,44,48,5409068.00
1032,10/08/2005,8,15,30,31,34,43,3074019.00
1033,06/08/2005,3,6,7,17,30,34,4419864.00
1034,03/08/2005,2,10,30,36,37,43,9136568.00
1035,07/30/2005,3,9,13,35,43,45,5166989.00
1036,07/27/2005,10,12,13,17,31,37,2881544.00
1037,07/23/2005,7,12,16,24,29,37,18268465.00
1038,07/20/2005,4,29,39,41,43,45,3268465.00
1039,07/16/2005,2,3,21,24,38,44,8536431.00
1040,07/13/2005,3,25,36,39,42,47,3200470.00
1041,07/09/2005,7,20,22,23,34,37,15000000.00
1042,07/06/2005,3,12,17,36,44,49,9476995.00
1043,07/02/2005,8,25,33,35,38,40,5753161.00
1044,06/29/2005,7,12,23,26,29,44,2367834.00
1045,06/25/2005,15,23,27,38,44,49,15000000.00
1046,06/22/2005,1,4,7,44,47,48,8787420.00
1047,06/18/2005,4,7,26,41,42,49,5330569.00
1048,06/15/2005,7,11,12,37,42,45,9001406.00
1049,06/11/2005,1,2,18,25,34,45,5457082.00
1050,06/08/2005,11,13,26,34,44,48,2982281.00
1051,06/04/2005,6,8,13,15,21,40,4904230.00
1052,06/01/2005,3,11,17,19,20,41,2470360.00
1053,05/28/2005,10,16,21,24,34,46,9071546.00
1054,05/25/2005,14,18,29,33,37,39,3100673.00
1055,05/21/2005,14,34,38,43,47,48,5792361.00
1056,05/18/2005,4,19,22,27,28,47,2516762.00
1057,05/14/2005,12,18,22,33,43,48,5140514.00
1058,05/11/2005,1,6,11,17,29,43,9009105.00
1059,05/07/2005,2,6,21,34,35,49,5856652.00
1060,05/04/2005,30,35,38,41,45,48,3399555.00
1061,04/30/2005,2,23,26,30,39,47,9137115.00
1062,04/27/2005,2,15,20,24,32,47,3077074.00
1063,04/23/2005,3,18,25,29,31,43,4788056.00
1064,04/20/2005,13,26,27,38,41,43,3177338.00
1065,04/16/2005,25,26,32,39,40,42,9995614.00
1066,04/13/2005,14,23,36,40,41,48,3379709.00
1067,04/09/2005,14,22,25,27,45,47,9420864.00
1068,04/06/2005,22,26,36,43,45,49,3462677.00
1069,04/02/2005,18,26,27,29,34,42,5226302.00
1070,03/30/2005,1,11,23,26,29,31,11892990.00
1071,03/26/2005,5,21,23,28,40,48,8675071.00
1072,03/23/2005,12,14,25,30,32,38,3006219.00
1073,03/19/2005,6,8,18,33,43,49,5278446.00
1074,03/16/2005,3,7,9,21,35,39,2424918.00
1075,03/12/2005,1,2,8,9,41,48,9231428.00
1076,03/09/2005,14,21,25,39,40,47,3345767.00
1077,03/05/2005,6,19,24,26,27,49,5282794.00
1078,03/02/2005,3,6,15,16,33,48,2882085.00
1079,02/26/2005,8,14,25,40,43,48,10022182.00
1080,02/23/2005,17,25,30,32,36,37,3411489.00
1081,02/19/2005,10,16,19,30,35,45,8821256.00
1082,02/16/2005,9,13,18,29,30,49,2873196.00
1083,02/12/2005,11,18,20,23,32,48,8874475.00
1084,02/09/2005,12,18,22,24,32,33,2877813.00
1085,02/05/2005,19,22,33,36,43,44,5337030.00
1086,02/02/2005,2,19,28,33,44,49,2856300.00
1087,01/29/2005,3,8,27,38,44,46,5122412.00
1088,01/26/2005,3,12,14,22,33,40,2919576.00
1089,01/22/2005,5,15,23,30,34,42,15000000.00
1090,01/19/2005,15,24,28,33,34,47,14446469.00
1091,01/15/2005,5,20,30,32,35,38,9605416.00
1092,01/12/2005,4,5,31,33,38,42,3091100.00
1093,01/08/2005,7,10,17,28,29,33,15000000.00
1094,01/05/2005,5,8,15,20,42,48,2860767.00
1095,01/01/2005,4,6,9,12,15,40,7974940.00
1096,12/29/2004,4,22,30,41,43,47,3208255.00
1097,12/24/2004,15,19,24,36,37,49,15000000.00
1098,12/22/2004,4,12,27,44,45,47,2850217.00
1099,12/18/2004,5,16,22,25,27,30,4471888.00
1100,12/15/2004,7,11,19,25,31,39,2297577.00
1101,12/11/2004,7,9,19,23,27,49,3941436.00
1102,12/08/2004,11,12,16,26,35,39,3113940.00
1103,12/04/2004,8,9,35,38,42,45,5629507.00
1104,12/01/2004,7,18,27,31,36,49,2884332.00
1105,11/27/2004,4,7,9,10,43,46,5116887.00
1106,11/24/2004,6,9,15,23,38,48,2805330.00
1107,11/20/2004,1,4,8,26,28,36,8531476.00
1108,11/17/2004,11,14,20,24,28,36,2970938.00
1109,11/13/2004,4,10,12,13,14,22,8597068.00
1110,11/10/2004,13,27,37,40,43,49,3365816.00
1111,11/06/2004,2,26,29,36,39,40,7824384.00
1112,11/03/2004,5,25,33,35,36,39,3374280.00
1113,10/30/2004,3,8,9,26,27,47,4543976.00
1114,10/27/2004,9,11,21,39,40,46,3169884.00
1115,10/23/2004,22,27,33,37,38,40,5957276.00
1116,10/20/2004,10,13,19,25,31,33,2683389.00
1117,10/16/2004,25,32,33,36,45,46,6209190.00
1118,10/13/2004,3,7,14,17,18,43,7821152.00
1119,10/09/2004,6,17,22,27,30,34,4829180.00
1120,10/06/2004,6,11,12,19,37,44,2495726.00
1121,10/02/2004,1,5,6,31,33,41,5372481.00
1122,09/29/2004,4,14,23,31,35,41,3102020.00
1123,09/25/2004,3,10,28,29,42,43,8834078.00
1124,09/22/2004,12,19,40,42,46,49,3342179.00
1125,09/18/2004,5,10,13,14,28,42,4406958.00
1126,09/15/2004,3,11,17,21,33,44,2200264.00
1127,09/11/2004,5,8,19,30,35,42,4799904.00
1128,09/08/2004,1,10,27,35,39,48,3325974.00
1129,09/04/2004,3,5,10,25,43,47,4706664.00
1130,09/01/2004,12,25,27,32,37,49,3293591.00
1131,08/28/2004,6,7,10,20,37,44,5055112.00
1132,08/25/2004,10,12,13,19,31,46,8852564.00
1133,08/21/2004,1,2,19,30,44,49,5254874.00
1134,08/18/2004,6,11,12,13,36,42,2889926.00
1135,08/14/2004,13,14,31,32,37,41,6119707.00
1136,11/08/2004,11,12,19,47,48,49,3206315.00
1137,07/08/2004,8,11,28,33,38,41,5195460.00
1138,04/08/2004,4,7,8,10,17,22,2091720.00
1139,07/31/2004,3,13,17,29,40,48,5369534.00
1140,07/28/2004,10,11,14,21,25,42,2852742.00
1141,07/24/2004,22,27,30,31,48,49,15000000.00
1142,07/21/2004,6,9,13,15,40,43,3088296.00
1143,07/17/2004,1,3,11,16,23,36,4896956.00
1144,07/14/2004,6,27,33,38,45,47,20100472.00
1145,07/10/2004,6,9,31,32,40,47,15000000.00
1146,07/07/2004,5,10,11,16,17,33,2518146.00
1147,07/03/2004,6,8,21,25,43,47,8993244.00
1148,06/30/2004,11,12,15,29,37,43,3088370.00
1149,06/26/2004,16,21,24,28,31,33,15064894.00
1150,06/23/2004,5,18,21,24,38,48,8685858.00
1151,06/19/2004,2,23,28,31,42,45,5096035.00
1152,06/16/2004,22,26,29,31,35,42,3163361.00
1153,06/12/2004,7,22,35,44,48,49,5433926.00
1154,06/09/2004,1,12,23,26,35,45,8144814.00
1155,06/05/2004,5,8,9,26,29,44,4231059.00
1156,06/02/2004,5,22,26,40,42,43,3187556.00
1157,05/29/2004,1,4,6,18,19,40,22158516.00
1158,05/26/2004,11,15,18,24,34,44,13162305.00
1159,05/22/2004,1,4,5,25,34,46,8967950.00
1160,05/19/2004,10,22,28,33,37,39,3089641.00
1161,05/15/2004,4,29,35,44,46,49,5760126.00
1162,05/12/2004,10,11,15,18,19,40,2737608.00
1163,05/08/2004,14,17,23,28,42,49,5029100.00
1164,05/05/2004,23,32,33,42,43,45,3079224.00
1165,05/01/2004,5,6,10,15,27,49,4772772.00
1166,04/28/2004,1,3,26,34,43,47,3266159.00
1167,04/24/2004,1,3,4,5,17,37,8475960.00
1168,04/21/2004,7,19,20,29,41,49,3090718.00
1169,04/17/2004,3,21,31,42,47,48,5557218.00
1170,04/14/2004,1,3,22,32,38,44,14262546.00
1171,04/10/2004,25,30,34,39,40,47,10008535.00
1172,04/07/2004,9,25,33,36,46,49,3327529.00
1173,04/03/2004,3,9,12,28,29,38,4301724.00
1174,03/31/2004,4,7,8,11,24,40,2289919.00
1175,03/27/2004,19,21,25,33,37,41,8633248.00
1176,03/24/2004,7,17,19,26,29,41,2583503.00
1177,03/20/2004,13,21,37,42,46,48,5935128.00
1178,03/17/2004,5,16,30,38,42,43,3136424.00
1179,03/13/2004,1,10,11,18,19,46,5079762.00
1180,03/10/2004,11,14,17,34,37,43,3150622.00
1181,03/06/2004,17,19,20,35,43,45,5932962.00
1182,03/03/2004,24,38,40,44,47,48,14381100.00
1183,02/28/2004,6,19,22,38,39,43,9287990.00
1184,02/25/2004,6,21,28,34,38,41,3199260.00
1185,02/21/2004,1,5,8,18,42,48,4971472.00
1186,02/18/2004,1,3,5,13,21,24,2380596.00
1187,02/14/2004,14,15,17,31,39,45,17112346.00
1188,02/11/2004,22,23,38,40,43,47,9929961.00
1189,02/07/2004,18,22,25,44,45,46,5653182.00
1190,02/04/2004,9,11,18,20,35,47,3054192.00
1191,01/31/2004,5,12,13,19,27,47,4433686.00
1192,01/28/2004,8,10,16,17,30,47,9022523.00
1193,01/24/2004,16,25,27,32,35,43,5561629.00
1194,01/21/2004,3,11,25,28,34,45,2916822.00
1195,01/17/2004,4,8,21,24,39,44,8485162.00
1196,01/14/2004,2,5,19,21,40,46,2965376.00
1197,01/10/2004,14,23,29,39,41,45,5736512.00
1198,01/07/2004,2,12,17,23,24,34,9382496.00
1199,01/03/2004,17,18,22,23,40,49,5712245.00
1200,12/31/2003,19,28,31,34,41,47,3511440.00
1201,12/27/2003,3,18,22,27,41,46,4903664.00
1202,12/24/2003,1,7,24,27,46,48,3679958.00
1203,12/20/2003,8,23,35,39,44,46,5768706.00
1204,12/17/2003,4,6,13,21,36,46,8802564.00
1205,12/13/2003,1,7,9,28,33,39,4785123.00
1206,12/10/2003,8,14,21,26,37,48,13978674.00
1207,12/06/2003,3,11,13,34,35,43,9035085.00
1208,12/03/2003,2,28,34,35,38,47,3196797.00
1209,11/29/2003,9,23,25,26,33,36,9278215.00
1210,11/26/2003,16,32,34,35,40,48,3387775.00
1211,11/22/2003,1,5,8,16,31,39,8430602.00
1212,11/19/2003,11,12,13,18,43,48,3033716.00
1213,11/15/2003,17,30,31,32,35,47,5882520.00
1214,11/12/2003,6,9,13,17,21,24,2336936.00
1215,11/08/2003,2,12,33,39,45,48,5680280.00
1216,11/05/2003,10,12,18,20,22,47,2778211.00
1217,11/01/2003,9,11,15,24,38,46,5308755.00
1218,10/29/2003,9,19,25,29,30,38,2585618.00
1219,10/25/2003,4,10,18,21,43,49,5243184.00
1220,10/22/2003,6,19,29,32,34,46,2994384.00
1221,10/18/2003,5,11,17,23,40,45,4815645.00
1222,10/15/2003,7,11,16,32,42,49,2812822.00
1223,10/11/2003,3,6,11,20,34,43,5121552.00
1224,10/08/2003,6,22,25,26,28,44,9008460.00
1225,10/04/2003,2,8,23,32,35,39,5483350.00
1226,10/01/2003,3,16,24,27,30,48,9106953.00
1227,09/27/2003,7,24,30,44,46,47,5487229.00
1228,09/24/2003,11,13,28,34,37,45,9389058.00
1229,09/20/2003,1,2,15,23,31,48,5484618.00
1230,09/17/2003,3,9,15,16,21,29,2227306.00
1231,09/13/2003,3,4,8,9,30,32,18239920.00
1232,09/10/2003,9,25,28,37,41,48,3239918.00
1233,09/06/2003,1,21,25,27,39,42,5713662.00
1234,09/03/2003,10,11,13,38,39,42,3269422.00
1235,08/30/2003,18,26,33,38,43,44,5373216.00
1236,08/27/2003,8,18,19,29,44,45,12990004.00
1237,08/23/2003,10,15,18,25,42,48,9044004.00
1238,08/20/2003,5,6,34,37,42,48,3268287.00
1239,08/16/2003,1,9,10,12,42,45,5264099.00
1240,08/13/2003,10,15,16,18,19,28,2529260.00
1241,09/08/2003,11,14,19,25,30,41,8481693.00
1242,06/08/2003,1,8,13,22,36,45,3003835.00
1243,02/08/2003,5,26,28,45,47,49,9543560.00
1244,07/30/2003,2,17,22,38,45,49,3167948.00
1245,07/26/2003,1,12,16,26,37,49,5926587.00
1246,07/23/2003,11,19,23,31,38,46,2869257.00
1247,07/19/2003,3,9,10,17,34,48,8463472.00
1248,07/16/2003,2,15,16,17,26,42,2855572.00
1249,07/12/2003,9,12,13,15,21,33,18000000.00
1250,07/09/2003,2,7,24,30,31,35,2932576.00
1251,07/05/2003,6,10,18,19,22,43,8283740.00
1252,07/02/2003,1,14,17,23,30,47,2951588.00
1253,06/28/2003,1,10,17,23,29,35,15000000.00
1254,06/25/2003,2,6,7,23,27,30,2225601.00
1255,06/21/2003,12,20,36,39,44,45,9485444.00
1256,06/18/2003,16,18,26,32,38,40,3081265.00
1257,06/14/2003,3,12,29,37,43,46,15000000.00
1258,06/11/2003,9,13,22,39,48,49,3154131.00
1259,06/07/2003,2,5,6,17,18,30,4378381.00
1260,06/04/2003,7,20,27,40,43,49,3146115.00
1261,05/31/2003,2,9,12,22,25,26,4333432.00
1262,05/28/2003,1,7,15,25,27,32,8574928.00
1263,05/24/2003,4,22,25,30,34,42,5399005.00
1264,05/21/2003,18,19,21,32,35,39,3168574.00
1265,05/17/2003,8,12,15,22,36,48,5247075.00
1266,05/14/2003,1,3,4,16,17,27,2524520.00
1267,05/10/2003,8,18,24,26,32,38,4983201.00
1268,05/07/2003,7,12,26,33,35,47,2925211.00
1269,05/03/2003,3,6,7,29,46,49,5438971.00
1270,04/30/2003,16,20,26,35,43,46,3422550.00
1271,04/26/2003,9,21,27,33,35,48,5426498.00
1272,04/23/2003,13,24,31,33,41,44,2975074.00
1273,04/19/2003,8,10,13,31,38,48,5557016.00
1274,04/16/2003,5,7,23,29,38,47,10000002.00
1275,04/12/2003,3,5,16,25,43,45,5117610.00
1276,04/09/2003,7,20,25,27,33,45,2880286.00
1277,04/05/2003,9,26,30,31,38,45,9269832.00
1278,04/02/2003,8,11,15,21,37,39,3066872.00
1279,03/29/2003,5,15,21,33,35,42,5000964.00
1280,03/26/2003,10,22,35,37,47,49,3496245.00
1281,03/22/2003,2,8,10,45,47,49,9231585.00
1282,03/19/2003,2,10,15,16,18,39,2894265.00
1283,03/15/2003,4,24,25,28,38,47,5580579.00
1284,03/12/2003,6,16,33,37,40,41,3442756.00
1285,03/08/2003,5,6,8,32,33,41,5646642.00
1286,03/05/2003,3,8,12,23,34,46,2898505.00
1287,03/01/2003,22,24,29,31,44,45,9445064.00
1288,02/26/2003,5,18,34,38,40,45,3324556.00
1289,02/22/2003,19,30,33,38,42,44,5274572.00
1290,02/19/2003,1,4,10,17,28,35,2719964.00
1291,02/15/2003,4,20,32,44,48,49,6050268.00
1292,02/12/2003,12,17,18,20,30,35,3176617.00
1293,02/08/2003,23,27,32,37,41,43,5854940.00
1294,02/05/2003,1,13,17,26,42,46,10198792.00
1295,02/01/2003,2,13,30,39,45,47,6105119.00
1296,01/29/2003,1,6,26,29,37,48,3294612.00
1297,01/25/2003,3,19,35,38,39,42,5907066.00
1298,01/22/2003,5,16,23,35,44,47,3049938.00
1299,01/18/2003,4,11,20,35,43,46,6075854.00
1300,01/15/2003,11,29,33,38,46,48,3343256.00
1301,01/11/2003,9,18,22,26,37,41,5700285.00
1302,01/08/2003,10,12,22,34,46,48,3346644.00
1303,01/04/2003,19,32,33,36,40,45,10109782.00
1304,01/01/2003,3,22,27,29,34,41,3183487.00
1305,12/28/2002,2,18,20,32,36,37,6229444.00
1306,12/24/2002,4,8,9,19,32,46,3325428.00
1307,12/21/2002,4,22,23,37,43,44,9083937.00
1308,12/18/2002,11,17,21,22,40,42,3018790.00
1309,12/14/2002,11,21,38,39,45,47,9698568.00
1310,12/11/2002,10,13,15,16,29,48,3163600.00
1311,12/07/2002,2,19,29,34,35,36,6195673.00
1312,12/04/2002,2,4,23,26,28,40,3010406.00
1313,11/30/2002,6,7,20,29,37,39,5913285.00
1314,11/27/2002,11,25,35,36,42,47,3465826.00
1315,11/23/2002,5,6,12,19,30,47,8836356.00
1316,11/20/2002,16,18,19,44,46,48,3444405.00
1317,11/16/2002,10,30,34,42,48,49,6550539.00
1318,11/13/2002,3,6,8,14,24,31,2673855.00
1319,11/09/2002,4,5,8,19,31,37,5338620.00
1320,11/06/2002,2,6,8,21,41,42,3180880.00
1321,11/02/2002,5,28,32,39,42,48,9736131.00
1322,10/30/2002,10,21,26,31,48,49,3593850.00
1323,10/26/2002,7,10,24,32,33,45,5678712.00
1324,10/23/2002,11,26,36,43,44,46,15532275.00
1325,10/19/2002,12,30,43,44,45,47,9972677.00
1326,10/16/2002,13,19,25,28,34,45,3235260.00
1327,10/12/2002,16,18,35,36,39,48,6569034.00
1328,10/09/2002,7,22,25,31,44,47,10381925.00
1329,10/05/2002,15,16,18,36,37,49,6693924.00
1330,10/02/2002,2,3,14,15,21,48,8919798.00
1331,09/28/2002,2,9,10,11,13,16,4855501.00
1332,09/25/2002,6,21,29,32,33,47,3331512.00
1333,09/21/2002,1,6,7,11,13,30,4350940.00
1334,09/18/2002,4,7,12,29,37,42,15000000.00
1335,09/14/2002,8,14,24,27,29,32,8784642.00
1336,09/11/2002,15,20,28,37,40,44,3263625.00
1337,09/07/2002,7,21,29,31,38,41,5337638.00
1338,09/04/2002,2,23,28,33,45,47,3188600.00
1339,08/31/2002,2,18,23,31,43,46,5735643.00
1340,08/28/2002,4,7,9,17,36,46,2893908.00
1341,08/24/2002,4,17,26,28,38,46,5579700.00
1342,08/21/2002,5,14,19,32,34,42,10272625.00
1343,08/17/2002,19,20,31,32,35,40,6473575.00
1344,08/14/2002,1,6,8,20,29,38,2998156.00
1345,10/08/2002,13,16,23,28,31,32,9865198.00
1346,07/08/2002,10,22,23,30,33,42,3050304.00
1347,03/08/2002,6,11,19,35,36,44,5461495.00
1348,07/31/2002,9,13,15,23,26,45,9796682.00
1349,07/27/2002,24,26,28,29,34,44,5976877.00
1350,07/24/2002,7,13,21,34,35,43,2913350.00
1351,07/20/2002,7,10,16,34,47,48,6027534.00
1352,07/17/2002,10,11,31,41,45,46,10165828.00
1353,07/13/2002,15,21,23,24,31,32,5923360.00
1354,07/10/2002,4,18,19,20,30,43,3088694.00
1355,07/06/2002,1,20,42,43,44,49,7027822.00
1356,07/03/2002,2,4,5,22,27,29,2730112.00
1357,06/29/2002,4,25,28,36,42,49,6423060.00
1358,06/26/2002,6,7,25,33,38,43,3116991.00
1359,06/22/2002,14,17,18,22,32,37,15000000.00
1360,06/19/2002,18,21,32,36,39,41,3614444.00
1361,06/15/2002,3,13,14,23,30,36,5566359.00
1362,06/12/2002,1,2,10,34,47,48,3698750.00
1363,06/08/2002,15,16,18,28,36,47,6321292.00
1364,06/05/2002,3,5,7,26,43,47,2823827.00
1365,06/01/2002,13,19,27,36,41,44,6404463.00
1366,05/29/2002,19,26,30,34,40,44,3462775.00
1367,05/25/2002,7,14,15,25,27,40,5490995.00
1368,05/22/2002,5,9,18,39,43,46,3367911.00
1369,05/18/2002,21,22,30,31,38,48,8567660.00
1370,05/15/2002,4,6,10,19,40,49,3310528.00
1371,05/11/2002,1,25,27,35,43,46,7218663.00
1372,05/08/2002,8,10,42,44,47,49,3716227.00
1373,05/04/2002,8,9,11,17,45,47,10029188.00
1374,05/01/2002,10,15,19,22,24,32,3393830.00
1375,04/27/2002,11,19,32,33,43,44,5737443.00
1376,04/24/2002,3,13,17,20,21,30,3107595.00
1377,04/20/2002,7,14,21,32,43,44,5231100.00
1378,04/17/2002,5,13,19,30,32,43,3383070.00
1379,04/13/2002,3,19,22,40,41,44,6431042.00
1380,04/10/2002,5,11,24,26,34,41,3516916.00
1381,04/06/2002,17,18,32,35,39,48,6918772.00
1382,04/03/2002,4,8,18,26,32,34,3327927.00
1383,03/30/2002,8,14,25,36,38,47,6728805.00
1384,03/27/2002,6,9,20,24,35,36,3670990.00
1385,03/23/2002,9,24,28,30,31,40,6560226.00
1386,03/20/2002,10,18,25,28,37,43,3293547.00
1387,03/16/2002,5,6,26,41,42,44,6954473.00
1388,03/13/2002,1,7,15,23,27,34,3077330.00
1389,03/09/2002,9,18,20,21,39,48,11621384.00
1390,03/06/2002,5,17,20,31,33,34,3884590.00
1391,03/02/2002,8,11,25,33,37,43,6246268.00
1392,02/27/2002,6,12,28,31,39,44,3289628.00
1393,02/23/2002,8,9,27,34,43,48,11218860.00
1394,02/20/2002,17,21,24,25,46,49,4114217.00
1395,02/16/2002,10,20,24,36,37,44,7030835.00
1396,02/13/2002,4,7,12,13,16,29,2836940.00
1397,02/09/2002,7,15,20,28,40,48,20000001.00
1398,02/06/2002,2,13,20,36,37,40,4128013.00
1399,02/02/2002,6,12,30,39,45,46,7353072.00
1400,01/30/2002,12,19,27,39,42,47,3249750.00
1401,01/26/2002,10,13,20,25,27,32,6469676.00
1402,01/23/2002,6,8,14,19,20,44,3275580.00
1403,01/19/2002,7,18,34,37,39,42,6188424.00
1404,01/16/2002,15,16,23,27,32,44,3482970.00
1405,01/12/2002,1,3,11,12,20,24,5703150.00
1406,01/09/2002,16,20,28,29,41,45,4192368.00
1407,01/05/2002,2,16,28,34,41,42,6913536.00
1408,01/02/2002,2,6,20,24,29,32,16627894.00
1409,12/29/2001,11,19,31,32,36,45,10808913.00
1410,12/26/2001,10,17,26,29,36,37,3302369.00
1411,12/22/2001,1,9,10,12,23,40,5932676.00
1412,12/19/2001,7,28,34,43,46,48,3649107.00
1413,12/15/2001,5,7,13,24,35,40,6058965.00
1414,12/12/2001,9,23,25,33,38,44,2841671.00
1415,12/08/2001,1,14,16,30,34,42,7245147.00
1416,12/05/2001,4,6,8,19,23,29,2762064.00
1417,12/01/2001,2,14,19,26,34,48,6693318.00
1418,11/28/2001,8,22,31,32,42,45,3703856.00
1419,11/24/2001,23,27,30,37,38,42,6648087.00
1420,11/21/2001,10,25,30,38,44,46,3682946.00
1421,11/17/2001,12,19,30,34,37,41,7060368.00
1422,11/14/2001,19,29,32,33,43,47,11784824.00
1423,11/10/2001,6,23,24,25,30,49,6920676.00
1424,11/07/2001,8,9,10,20,39,40,3772644.00
1425,11/03/2001,10,31,34,39,43,44,20000000.00
1426,10/31/2001,4,5,6,18,36,49,3643688.00
1427,10/27/2001,2,21,23,24,27,38,6346060.00
1428,10/24/2001,8,38,39,40,43,44,3987728.00
1429,10/20/2001,1,3,6,19,21,26,5746002.00
1430,10/17/2001,5,20,26,31,32,40,12340944.00
1431,10/13/2001,8,33,38,40,48,49,7069873.00
1432,10/10/2001,18,26,28,30,38,46,3581694.00
1433,10/06/2001,9,12,29,33,44,47,9927336.00
1434,10/03/2001,2,14,26,30,44,45,3733417.00
1435,09/29/2001,2,14,17,22,38,44,5393488.00
1436,09/26/2001,3,14,15,17,19,47,12235610.00
1437,09/22/2001,6,14,35,45,46,49,7604531.00
1438,09/19/2001,6,8,21,25,30,45,3409321.00
1439,09/15/2001,2,9,15,17,40,48,23435056.00
1440,09/12/2001,11,21,25,27,30,35,3435053.00
1441,09/08/2001,1,6,13,18,20,49,6574816.00
1442,09/05/2001,15,23,24,27,43,48,3643208.00
1443,09/01/2001,1,9,32,34,38,49,10803204.00
1444,08/29/2001,4,5,9,13,29,47,2941103.00
1445,08/25/2001,1,10,14,30,36,43,7004208.00
1446,08/22/2001,14,20,22,29,33,37,3543872.00
1447,08/18/2001,11,16,18,22,23,31,5942460.00
1448,08/15/2001,4,6,18,21,35,38,3520398.00
1449,11/08/2001,18,19,25,36,38,40,11925057.00
1450,08/08/2001,26,29,31,32,39,46,4103819.00
1451,04/08/2001,4,7,11,15,28,47,4863250.00
1452,01/08/2001,11,15,20,27,33,40,3568086.00
1453,07/28/2001,3,13,29,31,36,45,6530710.00
1454,07/25/2001,1,2,3,8,30,37,3530702.00
1455,07/21/2001,1,9,13,18,27,45,5704192.00
1456,07/18/2001,2,25,31,37,41,45,4037220.00
1457,07/14/2001,7,11,14,22,37,38,9366476.00
1458,07/11/2001,11,16,19,24,33,47,3435728.00
1459,07/07/2001,24,34,37,38,41,49,7573460.00
1460,07/04/2001,13,28,32,38,40,47,3658130.00
1461,06/30/2001,9,15,22,43,46,48,7288262.00
1462,06/27/2001,12,18,39,43,45,49,17711200.00
1463,06/23/2001,7,15,16,24,25,46,10864712.00
1464,06/20/2001,11,18,24,31,34,49,3682177.00
1465,06/16/2001,7,25,31,35,39,45,11157490.00
1466,06/13/2001,12,14,19,33,35,48,3637779.00
1467,06/09/2001,12,14,24,33,45,48,6653292.00
1468,06/06/2001,12,16,35,37,38,47,3911229.00
1469,06/02/2001,7,11,19,24,32,39,5293290.00
1470,05/30/2001,7,15,23,35,39,44,3288828.00
1471,05/26/2001,3,15,22,29,35,49,6753561.00
1472,05/23/2001,4,11,30,31,44,47,3301614.00
1473,05/19/2001,4,12,30,33,43,48,6704396.00
1474,05/16/2001,1,25,27,33,38,45,3777886.00
1475,05/12/2001,6,29,30,38,39,45,8192554.00
1476,05/09/2001,9,18,27,30,32,48,3263814.00
1477,05/05/2001,1,3,16,33,46,47,7628052.00
1478,05/02/2001,2,17,20,23,28,43,3309314.00
1479,04/28/2001,2,25,33,40,44,47,11381154.00
1480,04/25/2001,10,11,24,35,40,44,3748592.00
1481,04/21/2001,12,20,23,26,33,46,12091384.00
1482,04/18/2001,30,35,41,44,46,49,4318003.00
1483,04/14/2001,7,24,35,41,42,47,6990614.00
1484,04/11/2001,2,19,37,38,44,49,3704201.00
1485,04/07/2001,9,19,30,32,34,44,10921010.00
1486,04/04/2001,10,16,23,24,28,45,3519685.00
1487,03/31/2001,22,23,26,34,37,44,11758561.00
1488,03/28/2001,2,25,34,35,36,39,4316603.00
1489,03/24/2001,6,25,31,32,42,43,20000000.00
1490,03/21/2001,11,22,27,34,39,42,3338672.00
1491,03/17/2001,1,3,15,26,45,46,7405154.00
1492,03/14/2001,1,5,8,31,37,38,3684607.00
1493,03/10/2001,2,4,12,21,36,37,6727880.00
1494,03/07/2001,3,12,30,33,40,49,3736428.00
1495,03/03/2001,7,14,20,24,38,48,6644544.00
1496,02/28/2001,4,9,12,13,22,32,2835260.00
1497,02/24/2001,1,3,12,28,29,41,6520650.00
1498,02/21/2001,8,10,24,30,40,44,3506834.00
1499,02/17/2001,10,14,31,35,40,45,7704670.00
1500,02/14/2001,3,10,23,27,30,32,9868596.00
1501,02/10/2001,7,9,12,17,20,32,5614637.00
1502,02/07/2001,2,5,33,37,40,45,4027455.00
1503,02/03/2001,2,15,16,17,25,26,11580780.00
1504,01/31/2001,1,16,33,36,38,45,4197871.00
1505,01/27/2001,4,12,15,39,45,47,7343612.00
1506,01/24/2001,10,11,28,29,31,39,3477414.00
1507,01/20/2001,13,17,22,41,43,47,7073355.00
1508,01/17/2001,10,13,24,31,36,47,3926696.00
1509,01/13/2001,12,23,28,34,36,40,20000001.00
1510,01/10/2001,10,14,15,23,24,27,3363327.00
1511,01/06/2001,6,16,23,34,35,40,7558324.00
1512,01/03/2001,5,6,16,17,19,22,3071612.00
1513,12/30/2000,1,7,16,18,38,47,6759436.00
1514,12/27/2000,9,24,26,36,37,42,3781647.00
1515,12/23/2000,2,16,17,23,37,38,11775285.00
1516,12/20/2000,5,8,39,41,46,49,4140123.00
1517,12/16/2000,17,21,26,29,34,39,11683398.00
1518,12/13/2000,3,12,23,34,38,39,3453166.00
1519,12/09/2000,11,16,25,31,32,33,6917260.00
1520,12/06/2000,6,10,13,19,27,47,3030308.00
1521,12/02/2000,2,19,28,37,46,47,7100848.00
1522,11/29/2000,7,19,28,30,33,37,3261937.00
1523,11/25/2000,3,6,20,42,43,48,7578132.00
1524,11/22/2000,4,12,20,23,31,33,3388584.00
1525,11/18/2000,6,9,11,21,27,43,5639780.00
1526,11/15/2000,13,19,28,31,41,44,3581904.00
1527,11/11/2000,18,23,28,34,35,47,7515894.00
1528,11/08/2000,2,5,9,16,27,43,2985575.00
1529,11/04/2000,2,8,17,29,33,44,20000000.00
1530,11/01/2000,4,9,20,23,38,45,3869948.00
1531,10/28/2000,1,13,14,23,31,47,11375130.00
1532,10/25/2000,6,9,13,14,26,38,3437398.00
1533,10/21/2000,8,14,15,18,24,44,6105897.00
1534,10/18/2000,4,6,11,19,32,36,3396612.00
1535,10/14/2000,7,22,31,37,38,40,7104526.00
1536,10/11/2000,6,10,19,30,34,41,3852251.00
1537,10/07/2000,1,6,20,28,31,45,7321734.00
1538,10/04/2000,10,14,19,43,46,49,4298852.00
1539,09/30/2000,12,15,27,32,40,44,11581182.00
1540,09/27/2000,4,10,24,28,40,47,3837663.00
1541,09/23/2000,6,16,18,32,35,45,7544515.00
1542,09/20/2000,7,25,30,34,38,39,4218266.00
1543,09/16/2000,4,22,23,26,42,47,20000000.00
1544,09/13/2000,14,20,25,32,47,49,4426166.00
1545,09/09/2000,3,4,24,25,35,43,7382536.00
1546,09/06/2000,6,7,11,23,32,44,3011065.00
1547,09/02/2000,11,12,21,31,36,40,7314840.00
1548,08/30/2000,13,21,24,38,40,41,4293145.00
1549,08/26/2000,4,11,16,29,34,35,7549035.00
1550,08/23/2000,3,31,32,37,38,47,13667156.00
1551,08/19/2000,5,22,34,38,43,46,7507235.00
1552,08/16/2000,11,24,33,34,37,45,4236992.00
1553,12/08/2000,6,31,35,36,43,46,8291600.00
1554,09/08/2000,10,14,32,35,36,43,4405206.00
1555,05/08/2000,1,3,35,37,39,48,13861061.00
1556,02/08/2000,26,35,38,39,44,46,4557029.00
1557,07/29/2000,29,30,33,37,45,48,13262874.00
1558,07/26/2000,2,28,29,40,43,47,4259148.00
1559,07/22/2000,13,16,43,45,47,48,13152318.00
1560,07/19/2000,16,23,31,33,38,41,4100047.00
1561,07/15/2000,1,2,7,35,39,44,7548004.00
1562,07/12/2000,4,12,21,27,41,49,13852529.00
1563,07/08/2000,21,30,35,38,41,46,8312898.00
1564,07/05/2000,6,11,19,23,25,28,11573625.00
1565,07/01/2000,11,16,22,39,42,48,7248915.00
1566,06/28/2000,8,10,27,38,40,46,3844344.00
1567,06/24/2000,6,9,32,34,42,48,7033499.00
1568,06/21/2000,1,10,24,33,37,46,4190283.00
1569,06/17/2000,4,22,24,25,40,43,7362116.00
1570,06/14/2000,4,7,23,24,26,38,3336680.00
1571,06/10/2000,1,14,15,35,44,47,7840923.00
1572,06/07/2000,2,5,20,24,28,39,3690387.00
1573,06/03/2000,3,8,19,35,36,48,7227090.00
1574,05/31/2000,1,11,14,19,38,44,3563374.00
1575,05/27/2000,21,23,33,34,43,45,7381732.00
1576,05/24/2000,6,8,21,36,38,46,4225710.00
1577,05/20/2000,7,11,18,21,25,44,5012073.00
1578,05/17/2000,1,10,11,15,21,48,19906724.00
1579,05/13/2000,6,30,35,42,44,45,12956058.00
1580,05/10/2000,10,18,29,37,38,46,3996369.00
1581,05/06/2000,2,3,30,31,41,45,8030633.00
1582,05/03/2000,5,6,24,36,38,48,3974333.00
1583,04/29/2000,15,16,19,27,29,42,6702652.00
1584,04/26/2000,4,9,14,28,36,39,3520494.00
1585,04/22/2000,26,31,35,43,48,49,8890009.00
1586,04/19/2000,1,3,7,19,29,44,2838972.00
1587,04/15/2000,2,23,28,31,46,48,20000000.00
1588,04/12/2000,9,12,19,22,26,34,15000000.00
1589,04/08/2000,18,23,30,46,47,49,13700000.00
1590,04/05/2000,2,3,7,10,40,48,3717385.00
1591,04/01/2000,3,11,19,25,29,30,10293450.00
1592,03/29/2000,11,18,20,23,28,32,3562243.00
1593,03/25/2000,15,22,23,27,32,37,12304656.00
1594,03/22/2000,6,18,20,33,36,40,4082440.00
1595,03/18/2000,5,8,15,16,22,39,6473428.00
1596,03/15/2000,7,12,25,28,30,40,12470286.00
1597,03/11/2000,7,12,37,42,46,49,7648327.00
1598,03/08/2000,6,18,22,32,36,46,4094127.00
1599,03/04/2000,11,13,19,26,28,47,6656450.00
1600,03/01/2000,4,8,10,12,15,30,3110130.00
1601,02/26/2000,3,5,6,8,16,45,6769806.00
1602,02/23/2000,11,17,18,20,39,47,4170200.00
1603,02/19/2000,1,5,11,32,43,46,7722697.00
1604,02/16/2000,6,7,12,16,19,42,3259558.00
1605,02/12/2000,4,6,12,17,18,19,6073920.00
1606,02/09/2000,3,6,14,19,32,41,14500018.00
1607,02/05/2000,21,38,40,46,47,49,8947604.00
1608,02/02/2000,10,30,31,32,39,42,4358085.00
1609,01/29/2000,5,7,17,21,27,48,5587666.00
1610,01/26/2000,6,14,21,28,41,43,3797372.00
1611,01/22/2000,7,9,10,40,41,44,7649520.00
1612,01/19/2000,4,16,17,43,46,48,4521663.00
1613,01/15/2000,10,12,16,17,31,47,7669648.00
1614,01/12/2000,3,10,14,17,19,27,30554181.00
1615,01/08/2000,13,18,32,34,39,41,23313361.00
1616,01/05/2000,5,22,25,30,31,33,3313361.00
1617,01/01/2000,2,5,14,23,27,48,5851945.00
1618,12/29/1999,16,26,33,36,39,47,4268328.00
1619,12/24/1999,2,21,23,24,25,35,12951111.00
1620,12/22/1999,29,32,39,46,47,49,4320468.00
1621,12/18/1999,6,7,12,13,18,29,5723376.00
1622,12/15/1999,4,9,16,35,43,44,3619782.00
1623,12/11/1999,5,9,27,37,43,46,10903878.00
1624,12/08/1999,7,10,11,26,31,33,3204154.00
1625,12/04/1999,16,23,25,31,35,47,7771206.00
1626,12/01/1999,28,36,37,38,42,47,4172678.00
1627,11/27/1999,8,10,22,46,47,49,8252958.00
1628,11/24/1999,1,12,16,33,34,44,3870801.00
1629,11/20/1999,7,9,15,20,29,34,20000000.00
1630,11/17/1999,2,6,23,31,33,36,3874853.00
1631,11/13/1999,7,10,21,28,29,39,6240358.00
1632,11/10/1999,2,10,18,19,28,35,3288384.00
1633,11/06/1999,8,10,23,34,36,46,7874184.00
1634,11/03/1999,3,22,25,31,35,37,3988576.00
1635,10/30/1999,10,15,17,27,44,47,6540564.00
1636,10/27/1999,4,9,13,22,25,32,3130136.00
1637,10/23/1999,4,8,10,15,25,39,6856746.00
1638,10/20/1999,9,18,27,29,33,43,2949115.00
1639,10/16/1999,11,25,27,31,40,41,11550350.00
1640,10/13/1999,3,19,23,29,33,34,3396881.00
1641,10/09/1999,8,15,26,29,38,46,7469583.00
1642,10/06/1999,9,13,19,21,30,45,3435264.00
1643,10/02/1999,3,14,28,37,38,49,7173623.00
1644,09/29/1999,1,3,8,33,39,43,3678446.00
1645,09/25/1999,18,20,26,30,43,49,10000000.00
1646,09/22/1999,6,16,21,28,37,44,3547464.00
1647,09/18/1999,5,11,15,18,23,33,10000000.00
1648,09/15/1999,9,14,27,30,32,49,3777460.00
1649,09/11/1999,2,4,16,21,29,46,10000002.00
1650,09/08/1999,8,10,17,22,36,38,3522549.00
1651,09/04/1999,3,5,7,10,14,20,10000000.00
1652,09/01/1999,3,5,19,27,39,49,3220396.00
1653,08/28/1999,6,14,15,17,27,47,6862953.00
1654,08/25/1999,1,8,20,22,36,48,4087678.00
1655,08/21/1999,12,15,16,17,42,48,12824100.00
1656,08/18/1999,6,8,13,34,38,45,4035865.00
1657,08/14/1999,1,9,18,24,38,44,11509730.00
1658,11/08/1999,1,15,22,38,39,48,4326078.00
1659,07/08/1999,4,7,19,22,24,46,6426302.00
1660,04/08/1999,3,4,9,29,31,36,3435486.00
1661,07/31/1999,12,26,27,32,46,49,8054456.00
1662,07/28/1999,3,14,30,32,46,49,4270241.00
1663,07/24/1999,8,25,26,37,38,48,7579822.00
1664,07/21/1999,12,17,26,32,33,46,4095236.00
1665,07/17/1999,3,15,23,42,45,48,20000004.00
1666,07/14/1999,1,15,21,37,41,42,5639842.00
1667,07/10/1999,5,7,15,26,35,40,6476320.00
1668,07/07/1999,4,6,8,41,43,44,3972175.00
1669,07/03/1999,11,17,28,36,42,44,5904198.00
1670,06/30/1999,2,14,19,25,32,49,3830984.00
1671,06/26/1999,2,17,18,23,30,40,7011826.00
1672,06/23/1999,8,11,18,30,33,43,3398955.00
1673,06/19/1999,4,6,20,24,41,42,7694079.00
1674,06/16/1999,17,21,25,37,38,45,4035538.00
1675,06/12/1999,3,18,21,23,36,49,12394765.00
1676,06/09/1999,8,10,12,34,46,48,4233498.00
1677,06/05/1999,11,20,24,28,35,48,8169785.00
1678,06/02/1999,17,23,27,34,36,37,3828164.00
1679,05/29/1999,3,7,9,12,43,44,10611918.00
1680,05/26/1999,14,22,26,29,33,46,4236783.00
1681,05/22/1999,8,11,14,24,26,49,7429320.00
1682,05/19/1999,1,2,5,27,38,49,3705088.00
1683,05/15/1999,4,14,18,24,27,40,6895480.00
1684,05/12/1999,8,9,26,29,38,47,3873312.00
1685,05/08/1999,1,12,24,31,33,47,7879390.00
1686,05/05/1999,7,13,17,22,39,44,3139720.00
1687,05/01/1999,7,20,24,31,33,40,20000000.00
1688,04/28/1999,15,23,24,36,43,49,4381725.00
1689,04/24/1999,3,8,11,25,46,47,7696085.00
1690,04/21/1999,3,12,22,31,44,46,3770742.00
1691,04/17/1999,3,16,28,29,41,46,8185387.00
1692,04/14/1999,5,9,12,25,30,32,3044226.00
1693,04/10/1999,10,18,25,32,35,36,8082214.00
1694,04/07/1999,10,15,23,27,29,46,4074606.00
1695,04/03/1999,3,7,9,15,40,43,6775713.00
1696,03/31/1999,1,5,12,24,26,38,3569796.00
1697,03/27/1999,9,25,30,36,44,48,7675788.00
1698,03/24/1999,13,21,27,32,45,48,4392588.00
1699,03/20/1999,13,17,25,29,45,49,13422717.00
1700,03/17/1999,1,7,29,38,45,46,4410472.00
1701,03/13/1999,1,2,15,17,24,44,7379860.00
1702,03/10/1999,8,18,27,32,36,49,4155692.00
1703,03/06/1999,8,32,33,37,43,47,8320209.00
1704,03/03/1999,20,22,24,25,36,40,14275044.00
1705,02/27/1999,1,7,13,15,38,43,7505165.00
1706,02/24/1999,2,3,13,27,34,48,3806736.00
1707,02/20/1999,3,9,17,23,29,40,6035601.00
1708,02/17/1999,2,22,31,32,40,42,4189221.00
1709,02/13/1999,5,23,26,27,47,49,8198811.00
1710,02/10/1999,2,20,21,33,35,49,4616142.00
1711,02/06/1999,2,17,23,38,40,49,8197250.00
1712,02/03/1999,3,16,18,24,39,47,4198436.00
1713,01/30/1999,7,19,32,37,40,44,7407672.00
1714,01/27/1999,2,3,6,20,21,22,3959720.00
1715,01/23/1999,1,8,10,17,32,47,7868414.00
1716,01/20/1999,4,8,14,19,28,40,3486888.00
1717,01/16/1999,11,26,28,32,41,42,8175764.00
1718,01/13/1999,6,25,27,35,42,48,4233785.00
1719,01/09/1999,1,15,23,34,37,40,8901834.00
1720,01/06/1999,2,11,18,21,23,47,3827728.00
1721,01/02/1999,4,31,33,38,41,46,9305051.00
1722,12/30/1998,3,13,18,24,34,49,4329489.00
1723,12/26/1998,2,8,11,32,35,41,7724025.00
1724,12/23/1998,4,12,18,30,38,47,4123360.00
1725,12/19/1998,9,10,18,25,28,48,11861245.00
1726,12/16/1998,11,19,20,24,29,40,4136006.00
1727,12/12/1998,26,28,38,39,41,46,9110738.00
1728,12/09/1998,1,7,39,40,45,49,4688890.00
1729,12/05/1998,4,7,23,26,27,35,7254452.00
1730,12/02/1998,7,11,16,28,37,49,3774468.00
1731,11/28/1998,4,25,26,30,37,45,14003369.00
1732,11/25/1998,4,8,30,37,39,43,4379707.00
1733,11/21/1998,7,9,17,22,38,49,25000000.00
1734,11/18/1998,2,8,12,30,35,47,4205382.00
1735,11/14/1998,7,11,12,17,23,39,6173842.00
1736,11/11/1998,5,11,19,25,29,49,3426592.00
1737,11/07/1998,13,24,25,31,32,44,7222608.00
1738,11/04/1998,2,9,11,23,24,42,3153555.00
1739,10/31/1998,5,9,12,14,18,38,6041607.00
1740,10/28/1998,1,2,7,17,31,49,3828765.00
1741,10/24/1998,6,8,15,23,26,41,7561576.00
1742,10/21/1998,3,11,15,41,42,48,4332863.00
1743,10/17/1998,3,25,36,37,41,45,8904558.00
1744,10/14/1998,1,2,5,15,41,45,4221210.00
1745,10/10/1998,11,13,21,26,43,46,8388856.00
1746,10/07/1998,2,12,24,29,30,33,3950249.00
1747,10/03/1998,1,11,18,19,22,32,12096998.00
1748,09/30/1998,10,12,14,28,31,38,3626121.00
1749,09/26/1998,6,15,18,29,35,40,8261120.00
1750,09/23/1998,9,11,14,26,28,39,13951322.00
1751,09/19/1998,24,26,27,28,34,40,9150559.00
1752,09/16/1998,18,25,28,36,40,45,4090444.00
1753,09/12/1998,3,15,23,25,28,33,11037408.00
1754,09/09/1998,1,2,9,27,28,32,3690059.00
1755,09/05/1998,9,10,11,27,42,47,7127275.00
1756,09/02/1998,7,19,27,33,39,43,3240016.00
1757,08/29/1998,10,12,37,42,44,45,7942131.00
1758,08/26/1998,3,20,26,27,30,43,4068476.00
1759,08/22/1998,2,10,11,27,32,38,7503000.00
1760,08/19/1998,5,27,34,44,46,48,4122950.00
1761,08/15/1998,3,5,15,22,31,35,7054288.00
1762,12/08/1998,12,21,23,25,44,49,3981777.00
1763,08/08/1998,2,5,17,21,45,47,7673400.00
1764,05/08/1998,13,35,38,40,42,47,4550122.00
1765,01/08/1998,12,14,31,41,48,49,9316974.00
1766,07/29/1998,1,7,23,29,38,48,3944306.00
1767,07/25/1998,18,25,36,38,43,44,8064836.00
1768,07/22/1998,28,34,38,39,46,47,4885147.00
1769,07/18/1998,3,11,20,33,42,44,12171756.00
1770,07/15/1998,1,15,23,31,35,39,4460588.00
1771,07/11/1998,3,14,23,30,39,43,20000004.00
1772,07/08/1998,12,13,21,23,33,36,15000000.00
1773,07/04/1998,9,15,25,29,32,49,13098698.00
1774,07/01/1998,17,18,28,40,44,46,4053759.00
1775,06/27/1998,7,9,11,23,30,43,6145794.00
1776,06/24/1998,2,14,19,25,26,33,3770914.00
1777,06/20/1998,1,14,27,31,38,47,8276359.00
1778,06/17/1998,2,10,16,17,20,27,3592974.00
1779,06/13/1998,2,7,10,15,27,45,7028808.00
1780,06/10/1998,2,9,26,28,33,46,4117415.00
1781,06/06/1998,1,15,23,31,42,48,8643755.00
1782,06/03/1998,1,17,18,23,33,41,4187442.00
1783,05/30/1998,2,3,14,29,38,40,8370180.00
1784,05/27/1998,8,13,15,26,39,42,10000002.00
1785,05/23/1998,8,20,24,35,43,47,20000000.00
1786,05/20/1998,11,15,31,35,36,42,4464612.00
1787,05/16/1998,2,4,6,10,34,44,11879816.00
1788,05/13/1998,3,13,16,23,41,42,3774526.00
1789,05/09/1998,2,9,25,26,35,40,8485804.00
1790,05/06/1998,6,7,14,19,22,27,2955369.00
1791,05/02/1998,2,4,16,24,29,49,8355262.00
1792,04/29/1998,12,15,28,34,36,40,10000000.00
1793,04/25/1998,17,22,36,38,43,48,13009185.00
1794,04/22/1998,3,7,9,10,12,37,3321191.00
1795,04/18/1998,1,13,29,31,33,42,8209684.00
1796,04/15/1998,1,12,18,26,29,36,4006812.00
1797,04/11/1998,7,10,31,35,43,44,8235083.00
1798,04/08/1998,9,22,37,41,43,47,4317519.00
1799,04/04/1998,5,19,24,33,38,48,14000744.00
1800,04/01/1998,1,2,24,36,37,38,4955119.00
1801,03/28/1998,11,13,23,28,29,37,7248380.00
1802,03/25/1998,1,6,10,25,31,45,3963536.00
1803,03/21/1998,2,15,23,26,41,43,8979945.00
1804,03/18/1998,12,25,31,39,46,47,4627218.00
1805,03/14/1998,2,15,18,26,36,38,8825430.00
1806,03/11/1998,16,22,23,28,33,37,4202319.00
1807,03/07/1998,4,11,14,39,43,44,8041928.00
1808,03/04/1998,6,28,30,34,41,45,4796128.00
1809,02/28/1998,1,7,15,18,30,31,8047711.00
1810,02/25/1998,9,21,27,36,42,48,4117324.00
1811,02/21/1998,2,16,25,27,37,45,8777482.00
1812,02/18/1998,1,5,10,13,25,32,3727398.00
1813,02/14/1998,8,13,14,17,20,28,13010178.00
1814,02/11/1998,11,32,38,42,46,49,4818061.00
1815,02/07/1998,9,25,27,31,42,45,7896055.00
1816,02/04/1998,13,17,32,35,42,45,4464952.00
1817,01/31/1998,17,22,30,40,46,48,9783756.00
1818,01/28/1998,4,12,15,31,32,47,4487998.00
1819,01/24/1998,1,4,6,14,24,49,8441368.00
1820,01/21/1998,5,12,24,35,36,38,4188424.00
1821,01/17/1998,14,31,33,38,46,48,15804728.00
1822,01/14/1998,20,27,28,31,33,41,4742341.00
1823,01/10/1998,3,10,11,27,47,49,8387223.00
1824,01/07/1998,7,14,25,32,36,38,4242546.00
1825,01/03/1998,1,13,26,28,35,45,9222525.00
1826,12/31/1997,8,13,18,21,23,29,4257474.00
1827,12/27/1997,14,21,28,31,40,46,8605131.00
1828,12/24/1997,5,6,11,29,36,41,4983028.00
1829,12/20/1997,1,2,7,26,34,38,25000000.00
1830,12/17/1997,17,35,36,43,46,49,4825949.00
1831,12/13/1997,3,4,11,14,30,32,8121990.00
1832,12/10/1997,4,17,22,29,38,48,4000638.00
1833,12/06/1997,5,9,19,21,30,49,13286958.00
1834,12/03/1997,1,8,36,39,47,49,4950579.00
1835,11/29/1997,2,8,21,29,46,47,9404844.00
1836,11/26/1997,5,11,19,23,24,47,3903086.00
1837,11/22/1997,8,14,24,28,39,45,25000001.00
1838,11/19/1997,22,27,33,42,46,47,15000000.00
1839,11/15/1997,11,14,23,32,34,35,10000002.00
1840,11/12/1997,3,6,8,27,36,45,14770980.00
1841,11/08/1997,5,24,34,37,40,48,9082996.00
1842,11/05/1997,1,4,6,9,32,38,4049432.00
1843,11/01/1997,9,10,14,16,37,39,8837967.00
1844,10/29/1997,2,4,25,32,33,45,4295614.00
1845,10/25/1997,10,21,27,38,40,44,8085272.00
1846,10/22/1997,1,8,9,14,24,35,4053501.00
1847,10/18/1997,4,9,25,28,32,46,8561012.00
1848,10/15/1997,11,17,30,35,39,45,5000000.00
1849,10/11/1997,15,17,18,27,34,40,8548888.00
1850,10/08/1997,3,4,7,23,34,43,5000000.00
1851,10/04/1997,12,19,28,36,40,46,8707888.00
1852,10/01/1997,8,12,17,35,38,49,5000001.00
1853,09/27/1997,15,21,29,32,33,40,27175825.00
1854,09/24/1997,12,14,29,31,32,44,13500000.00
1855,09/20/1997,9,30,38,40,43,44,8500000.00
1856,09/17/1997,7,20,21,22,40,44,5000000.00
1857,09/13/1997,1,2,5,31,32,40,9164428.00
1858,09/10/1997,20,31,32,35,43,45,5000000.00
1859,09/07/1997,20,22,26,36,40,41,14126168.00
1860,09/03/1997,10,14,22,30,38,43,5000000.00
1861,08/30/1997,6,20,30,33,38,46,9461240.00
1862,08/27/1997,1,7,22,25,31,47,5000000.00
1863,08/23/1997,4,10,25,36,44,47,8114202.00
1864,08/20/1997,8,20,27,28,36,41,5000000.00
1865,08/16/1997,2,9,19,20,38,49,8282620.00
1866,08/13/1997,5,10,17,29,41,43,5000001.00
1867,09/08/1997,1,18,20,25,30,31,14322615.00
1868,06/08/1997,3,5,6,20,45,49,5000000.00
1869,02/08/1997,2,16,28,37,43,47,8322605.00
1870,07/30/1997,3,6,12,19,44,45,5000000.00
1871,07/26/1997,9,15,20,27,30,41,8201493.00
1872,07/23/1997,4,11,21,27,28,34,5000000.00
1873,07/19/1997,7,19,36,44,45,47,7935540.00
1874,07/16/1997,8,18,23,26,35,45,5000000.00
1875,07/12/1997,4,9,27,37,44,45,7374316.00
1876,07/09/1997,3,5,13,22,24,43,13201260.00
1877,07/05/1997,1,4,11,36,43,44,8895584.00
1878,07/02/1997,6,10,18,22,41,45,14378924.00
1879,06/28/1997,2,9,14,36,43,48,8917762.00
1880,06/25/1997,12,17,27,28,38,40,5000001.00
1881,06/21/1997,1,17,26,27,30,44,8525181.00
1882,06/18/1997,4,14,19,23,25,48,5000000.00
1883,06/14/1997,3,8,10,16,43,44,13680570.00
1884,06/11/1997,10,31,33,40,42,44,5000000.00
1885,06/07/1997,12,14,21,25,30,40,12521760.00
1886,06/04/1997,18,19,21,30,34,44,3643650.00
1887,05/31/1997,2,5,9,28,29,45,7242540.00
1888,05/28/1997,3,19,24,25,36,48,3702636.00
1889,05/24/1997,3,21,23,25,26,33,12353263.00
1890,05/21/1997,5,8,21,38,39,49,3829208.00
1891,05/17/1997,2,9,13,18,27,48,6622040.00
1892,05/14/1997,2,8,16,21,29,37,3437021.00
1893,05/10/1997,12,19,22,23,25,44,7264654.00
1894,05/07/1997,12,19,28,31,34,43,3209696.00
1895,05/03/1997,6,20,29,31,35,40,9512277.00
1896,04/30/1997,8,10,16,17,24,40,3272499.00
1897,04/26/1997,6,10,14,25,27,38,7988346.00
1898,04/23/1997,8,12,17,23,34,43,2919025.00
1899,04/19/1997,1,14,16,25,32,37,9544366.00
1900,04/16/1997,3,6,9,19,37,48,3332228.00
1901,04/12/1997,9,27,29,37,42,44,6881592.00
1902,04/09/1997,6,22,35,42,45,49,3922010.00
1903,04/05/1997,1,3,28,31,41,46,9926050.00
1904,04/02/1997,5,10,17,25,40,43,3453554.00
1905,03/29/1997,17,19,31,36,39,40,14113956.00
1906,03/26/1997,24,33,42,43,44,47,3707127.00
1907,03/22/1997,14,27,39,40,41,43,13986252.00
1908,03/19/1997,13,16,17,29,40,48,4004305.00
1909,03/15/1997,7,24,37,39,40,43,9049638.00
1910,03/12/1997,3,4,5,16,22,25,3334220.00
1911,03/08/1997,5,12,20,29,39,42,8280030.00
1912,03/05/1997,7,12,20,24,28,43,3400685.00
1913,03/01/1997,2,8,23,33,42,49,8170000.00
1914,02/26/1997,2,34,36,38,44,46,7000000.00
1915,02/22/1997,1,5,8,9,23,27,7335320.00
1916,02/19/1997,9,11,19,36,39,41,7000000.00
1917,02/15/1997,7,14,21,34,38,47,8115736.00
1918,02/12/1997,5,14,23,29,38,45,10000008.00
1919,02/08/1997,9,13,27,30,36,47,8833684.00
1920,02/05/1997,9,25,28,29,31,35,9999999.00
1921,02/01/1997,12,16,20,28,36,48,22612653.00
1922,01/25/1997,1,24,28,31,35,47,11407818.00
1923,01/18/1997,3,21,22,26,31,48,10536825.00
1924,01/11/1997,4,11,16,18,35,43,9824900.00
1925,01/04/1997,11,13,14,27,40,41,10166760.00
1926,12/28/1996,8,10,20,27,31,39,9802120.00
1927,12/21/1996,5,26,35,38,42,45,10333522.00
1928,12/14/1996,12,24,33,34,42,47,9115743.00
1929,12/07/1996,6,13,17,22,42,47,8957796.00
1930,11/30/1996,4,5,12,25,26,49,9641466.00
1931,11/23/1996,16,33,34,43,46,49,11713905.00
1932,11/16/1996,1,5,16,18,37,42,22088524.00
1933,11/09/1996,8,24,27,41,43,49,10461156.00
1934,11/02/1996,7,23,32,35,43,48,9467172.00
1935,10/26/1996,1,3,9,20,30,35,23526874.00
1936,10/19/1996,10,13,31,34,39,48,11100495.00
1937,10/12/1996,15,16,25,30,39,45,10679645.00
1938,10/05/1996,6,9,25,45,47,48,10879362.00
1939,09/28/1996,19,23,26,31,36,39,10628224.00
1940,09/21/1996,7,8,12,30,35,41,10101049.00
1941,09/14/1996,2,9,10,11,38,48,9777880.00
1942,09/07/1996,5,13,15,18,32,44,8132055.00
1943,08/31/1996,3,5,14,27,44,47,8522451.00
1944,08/24/1996,8,11,14,18,33,44,7665700.00
1945,08/17/1996,2,28,33,39,42,44,8944124.00
1946,10/08/1996,3,23,36,38,41,45,10551982.00
1947,03/08/1996,13,17,26,28,31,36,9721592.00
1948,07/27/1996,2,13,19,21,32,45,9612960.00
1949,07/20/1996,6,14,20,25,34,44,9987229.00
1950,07/13/1996,5,10,11,12,41,42,21901212.00
1951,07/06/1996,13,26,43,44,45,47,11124766.00
1952,06/29/1996,4,17,27,34,35,46,10424146.00
1953,06/22/1996,3,4,7,11,17,40,19436049.00
1954,06/15/1996,13,18,25,44,46,47,10524718.00
1955,06/08/1996,11,15,17,25,32,46,9815416.00
1956,06/01/1996,24,35,36,37,39,45,11657216.00
1957,05/25/1996,8,20,26,34,42,43,10273770.00
1958,05/18/1996,4,12,13,33,40,46,10248233.00
1959,05/11/1996,7,10,12,22,34,48,8921520.00
1960,05/04/1996,6,25,26,33,34,47,21806396.00
1961,04/27/1996,4,6,11,18,31,48,9217249.00
1962,04/20/1996,9,28,29,31,40,48,10370612.00
1963,04/13/1996,23,38,40,44,47,49,11509821.00
1964,04/06/1996,1,4,6,14,17,38,21226575.00
1965,03/30/1996,12,26,27,28,37,49,10279220.00
1966,03/23/1996,5,7,14,18,30,43,7901163.00
1967,03/16/1996,2,12,19,28,38,48,8313963.00
1968,03/09/1996,14,16,29,30,37,45,10601616.00
1969,03/02/1996,9,11,12,24,41,45,10445952.00
1970,02/24/1996,2,5,7,24,35,44,8951860.00
1971,02/17/1996,4,14,15,16,18,22,10320770.00
1972,02/10/1996,4,11,14,15,28,42,9294294.00
1973,02/03/1996,2,9,22,26,32,44,9752856.00
1974,01/27/1996,16,17,38,41,42,43,40223600.00
1975,01/20/1996,5,23,25,30,33,37,23851380.00
1976,01/13/1996,21,29,31,32,34,48,12537861.00
1977,01/06/1996,2,3,4,13,42,44,42008610.00
1978,12/30/1995,6,32,39,42,43,45,23966033.00
1979,12/23/1995,6,11,34,40,47,49,11730015.00
1980,12/16/1995,7,8,23,28,35,49,8214495.00
1981,12/09/1995,5,11,12,26,29,33,8113998.00
1982,12/02/1995,15,16,19,26,35,46,10613401.00
1983,11/25/1995,16,23,28,30,42,46,10016415.00
1984,11/18/1995,4,7,18,33,45,48,8510060.00
1985,11/11/1995,7,10,23,28,30,48,8500795.00
1986,11/04/1995,6,14,18,27,44,48,8395869.00
1987,10/28/1995,7,16,27,33,35,44,7971760.00
1988,10/21/1995,2,6,17,19,21,47,8973786.00
1989,10/14/1995,4,5,9,25,30,47,9457715.00
1990,10/07/1995,10,22,28,30,36,37,9268251.00
1991,09/30/1995,10,11,29,32,33,40,9981262.00
1992,09/23/1995,5,10,19,24,34,46,9638200.00
1993,09/16/1995,2,10,14,25,37,41,21449536.00
1994,09/09/1995,2,12,20,22,41,45,9682292.00
1995,09/02/1995,1,15,22,28,40,49,9943556.00
1996,08/26/1995,16,18,21,27,38,41,8939036.00
1997,08/19/1995,5,8,23,24,28,48,19111650.00
1998,12/08/1995,11,25,28,33,34,47,9923276.00
1999,05/08/1995,1,8,25,30,35,45,10256050.00
2000,07/29/1995,28,34,41,45,46,49,11373276.00
2001,07/22/1995,2,3,21,22,23,40,10007976.00
2002,07/15/1995,1,4,20,31,41,43,11215676.00
2003,07/08/1995,1,3,11,14,20,40,20088838.00
2004,07/01/1995,5,7,8,25,44,48,8849765.00
2005,06/24/1995,5,15,21,42,43,45,9896801.00
2006,06/17/1995,27,30,33,38,40,48,10368834.00
2007,06/10/1995,12,15,26,44,46,49,22590829.00
2008,06/03/1995,1,21,29,31,32,40,10326358.00
2009,05/27/1995,12,13,25,37,44,45,19874853.00
2010,05/20/1995,15,16,17,28,32,46,9467258.00
2011,05/13/1995,7,16,25,26,28,41,8526354.00
2012,05/06/1995,5,14,17,35,43,48,9292245.00
2013,04/29/1995,9,15,22,31,34,48,18983650.00
2014,04/22/1995,8,18,20,33,36,38,8554300.00
2015,04/15/1995,1,4,6,23,26,49,9769624.00
2016,04/08/1995,14,17,22,24,42,47,8074641.00
2017,04/01/1995,22,25,30,32,41,43,22271424.00
2018,03/25/1995,4,17,41,42,44,49,10162332.00
2019,03/18/1995,9,18,19,24,31,41,7975572.00
2020,03/11/1995,2,13,22,27,29,46,13055760.00
2021,03/04/1995,11,12,17,26,36,42,8807149.00
2022,02/25/1995,5,8,10,18,31,33,7056280.00
2023,02/18/1995,16,19,21,29,36,45,8883198.00
2024,02/11/1995,15,18,29,35,38,48,9015108.00
2025,02/04/1995,1,7,37,38,42,46,10350387.00
2026,01/28/1995,4,16,25,26,31,43,9174512.00
2027,01/21/1995,6,16,20,30,31,47,9614997.00
2028,01/14/1995,7,17,23,32,38,42,16293830.00
2029,01/07/1995,2,5,21,22,25,32,10000000.00
2030,12/31/1994,9,17,32,36,42,44,6554085.00
2031,12/24/1994,2,3,27,29,39,44,7789557.00
2032,12/17/1994,3,5,9,13,14,38,6806620.00
2033,12/10/1994,26,35,38,43,47,49,17880003.00
2034,12/03/1994,11,17,21,29,30,40,6906572.00
2035,11/26/1994,6,12,15,16,31,44,7043864.00
2036,11/19/1994,3,5,14,22,30,44,5874778.00
